Tag,Values
PC.PMO.DLB.TCP.CGCE.CD563.AN_QE8013_Gas_LEL,0.4667853594758636
PC.PMO.DLB.TCP.CGCE.CD563.AN_LPC_Brg_Non_Drive_End_Y_Gap,0.4277972723378841
PC.PMO.DLB.TCP.CGCE.CD563.AN_LPC_Brg_Non_Drive_End_X_Gap,0.4241163321395144
PC.PMO.DLB.TCP.CGCE.CD563.AN_LPC_Inboard_Thr_Brg_Temp,0.42124292224127147
PC.PMO.DLB.TCP.CGCE.CD563.AN_LPC_Outboard_Thr_Brg_Temp,0.421098271525375
PC.PMO.DLB.TCP.CGCE.CD563.AN_LPC_Jrn_Brg_NDE_Temp,0.4206450581770907
PC.PMO.DLB.TCP.GCM2.CD553.AN_Process_Suction_Press_SP,0.4201062812172448
PC.PMO.DLB.TCP.CGCE.CD563.AN_HPC_Brg_1Prb_Ax_Disp,0.41101246035674627
PC.PMO.DLB.TCP.CGCE.CD563.AN_HPC_Brg_1Prb_Ax_Gap,0.41067918461597847
PC.PMO.DLB.TCP.CGCE.CD563.AN_LPC_Brg_2Prb_Ax_Disp,0.4037185583801754
PC.PMO.DLB.TCP.CGCE.CD563.AN_LPC_Brg_DE_X_Gap,0.3973002551703899
PC.PMO.DLB.TCP.GCM2.CD553.AN_LPC_Suction_Temp,0.39473331882444285
PC.PMO.DLB.TCP.GCM1.CD543.AN_ZX399_113_Gas_LEL,0.39272033841559933
PC.PMO.DLB.TCP.CGCE.CD563.AN_LPC_Brg_2Prb_Ax_Gap,0.39128183479857476
PC.PMO.DLB.TCP.CGCE.CD563.AN_HPC_DE_Seal_Press,0.38260476540069066
PC.PMO.DLB.TCP.CGCE.CD563.AN_LPC_Brg_DE_Y_Gap,0.3820814842992923
PC.PMO.DLB.TCP.CGCE.CD563.AN_LPC_Brg_1Prb_Ax_Disp,0.37670359327244923
PC.PMO.DLB.TCP.CGCE.CD563.AN_LPC_Jrn_Brg_DE_Temp,0.3742631107679127
PC.PMO.DLB.TCP.GCM2.CD553.AN_IPC_Brg_Aft_X_Vib,0.37398503084433043
PC.PMO.DLB.TCP.CGCE.CD563.AN_Eng_Brg_5X_Gap,0.3711761925931529
PC.PMO.DLB.TCP.GCM1.CD543.AP_Eng_Pwr_Delta_GF,0.36880631725651625
PC.PMO.DLB.TCP.CGCE.CD563.AN_LPC_Brg_1Prb_Ax_Gap,0.3644172514894336
PC.PMO.DLB.TCP.GCM2.CD553.AN_IPC_Suction_Temp,0.36255909560009514
PC.PMO.DLB.TCP.CGCE.CD563.AN_LPC_TRV_Command,0.3582927501408916
PC.PMO.DLB.TCP.CGCE.CD563.AN_HPC1_Surge_Margin,0.35668342915818246
PC.PMO.DLB.TCP.GCM2.CD553.AN_IPC_Brg_Aft_Y_Vib,0.356328689332689
PC.PMO.DLB.TCP.GCM2.CD553.AN_LPC_ASV_Command,0.3510803191153859
PC.PMO.DLB.TCP.GCM2.CD553.AN_LPC_ASV_Manual_SP,0.3492446753449845
PC.PMO.DLB.TCP.GCM2.CD553.AN_LPC_ASV_Position,0.3452356152961986
PC.PMO.DLB.TCP.GCM2.CD553.AN_HPC_Brg_Fwd_X_Gap,0.3451864816999985
PC.PMO.DLB.TCP.GCM2.CD553.AN_IPC_Brg_Fwd_Y_Gap,0.34343132165871876
PC.PMO.DLB.TCP.GCM2.CD553.AN_ZX399_103_Gas_LEL,0.3432754952077198
PC.PMO.DLB.TCP.GCM2.CD553.AN_T5_CJ_Temperature,0.3431139249237089
PC.PMO.DLB.TCP.GCM2.CD553.AN_ZX399_112_Gas_LEL,0.3391457535693795
PC.PMO.DLB.TCP.CGCE.CD563.AN_SC5000_Fault_Code,0.32648883715676347
PC.PMO.DLB.TCP.CGCE.CD563.AN_Eng_Brg_5Y_Gap,0.32625415651656703
PC.PMO.DLB.TCP.CGCE.CD563.AN_LPC2_Surge_Margin,0.3254705550231353
PC.PMO.DLB.TCP.GCM1.CD543.AN_ZX399_103_Gas_LEL,0.32424801537718906
PC.PMO.DLB.TCP.GCM2.CD553.AN_IPC_ASV_Command,0.32290602718824046
PC.PMO.DLB.TCP.GCM2.CD553.AN_IPC_ASV_Manual_SP,0.3221444192447216
PC.PMO.DLB.TCP.GCM2.CD553.AN_IPC_ASV_Position,0.321369813205161
PC.PMO.DLB.TCP.GCM2.CD553.AN_IPC_Brg_Aft_X_Gap,0.32107516365304195
PC.PMO.DLB.TCP.GCM2.CD553.AN_ZX399_113_Gas_LEL,0.3200036405584253
PC.PMO.DLB.TCP.GCM2.CD553.AN_IPC_Brg_Fwd_X_Gap,0.31987618654495836
PC.PMO.DLB.TCP.GCM2.CD553.AN_IPC_Brg_Aft_Y_Gap,0.3196745102292053
PC.PMO.DLB.TCP.CGCE.CD563.AN_T5_Compensator,0.3189065245649493
PC.PMO.DLB.TCP.CGCE.CD563.AN_Gbx_HSS_CE_Y_Gap,0.31851122706523
PC.PMO.DLB.TCP.CGCE.CD563.AN_Rem_LPC1_Suc_Header_Prs_SP,0.3183031083927172
PC.PMO.DLB.TCP.GCM2.CD553.AN_HPC_Suction_Temp,0.3175893616277345
PC.PMO.DLB.TCP.GCM2.CD553.AN_LPC_Suc_Pri_Vent_Press,0.3175385550018772
PC.PMO.DLB.TCP.GCM2.CD553.AN_ZX399_104_Gas_LEL,0.31559104404511606
PC.PMO.DLB.TCP.GCM2.CD553.AN_HPC_Brg_Aft_Y_Gap,0.31535977047959796
PC.PMO.DLB.TCP.GCM2.CD553.AN_Encl_Temperature,0.31520895068995547
PC.PMO.DLB.TCP.CGCE.CD563.AN_LPC1_Surge_Margin,0.3151251750827787
PC.PMO.DLB.TCP.CGCE.CD563.AN_Process_LPC1_Suct_Header_Press_SP,0.31416409877976714
PC.PMO.DLB.TCP.CGCE.CD563.AN_Gbx_LSS_CE_X_Gap,0.31179829919634233
PC.PMO.DLB.TCP.GCM2.CD553.AN_LPC_Brg_Fwd_X_Vib,0.307453157681429
PC.PMO.DLB.TCP.GCM2.CD553.AN_LPC_Brg_Fwd_Y_Gap,0.30634943286092836
PC.PMO.DLB.TCP.GCM2.CD553.AN_HPC_Suc_Drain_Temp,0.30620013064305646
PC.PMO.DLB.TCP.GCM2.CD553.AN_LPC_Seal_Gas_DP,0.3059970822273663
PC.PMO.DLB.TCP.GCM2.CD553.AN_LPC_Inboard_Thr_Brg_Temp,0.3059424088145549
PC.PMO.DLB.TCP.CGCE.CD563.AN_Gbx_HSS_BE_Y_Gap,0.30502904008201914
PC.PMO.DLB.TCP.GCM2.CD553.AN_LPC_Outboard_Thr_Brg_Temp,0.3042783984788656
PC.PMO.DLB.TCP.GCM2.CD553.AN_Gas_Fuel_Control_Temp,0.30374331451702724
PC.PMO.DLB.TCP.GCM2.CD553.AN_LPC_Brg_Fwd_Y_Vib,0.30364975335139827
PC.PMO.DLB.TCP.GCM2.CD553.AN_HPC_Brg_Aft_X_Gap,0.30306345905480336
PC.PMO.DLB.TCP.GCM2.CD553.AN_IPC_Inboard_Thr_Brg_Temp,0.3025546153292348
PC.PMO.DLB.TCP.GCM2.CD553.AN_IPC_Suc_Drain_Temp,0.3013680915285534
PC.PMO.DLB.TCP.GCM2.CD553.AN_Engine_Fired_Hours,0.30046056936269355
PC.PMO.DLB.TCP.GCM2.CD553.AN_IPC_Discharge_Temp,0.29988551501542726
PC.PMO.DLB.TCP.GCM2.CD553.AN_HPC_Outboard_Thr_Brg_Temp,0.2998682399417767
PC.PMO.DLB.TCP.GCM2.CD553.AN_IPC_Dis_Drain_Temp,0.2996656659074747
PC.PMO.DLB.TCP.GCM2.CD553.AN_HPC_Inboard_Thr_Brg_Temp,0.2995365627158017
PC.PMO.DLB.TCP.GCM1.CD543.AN_T1_Temperature,0.2992673448905626
PC.PMO.DLB.TCP.GCM2.CD553.AN_HPC_Dis_Drain_Temp,0.2986441316200969
PC.PMO.DLB.TCP.GCM2.CD553.AN_LPC_Suction_Press,0.29851521463220637
PC.PMO.DLB.TCP.GCM2.CD553.AN_Lube_Oil_Tank_Temp,0.29784503690295155
PC.PMO.DLB.TCP.GCM2.CD553.AN_LPC_Suc_Drain_Temp,0.29776940516654615
PC.PMO.DLB.TCP.GCM2.CD553.AP_HPC_Delta_Spd,0.2974973085979564
PC.PMO.DLB.TCP.GCM2.CD553.AN_Lube_Oil_Header_Temp,0.29743679970077774
PC.PMO.DLB.TCP.GCM2.CD553.AN_HPC_Brg_Fwd_Y_Gap,0.2972576029390527
PC.PMO.DLB.TCP.GCM2.CD553.AN_LPC_Dis_Drain_Temp,0.29722246023586973
PC.PMO.DLB.TCP.GCM2.CD553.AN_IPC_Outboard_Thr_Brg_Temp,0.29717427154968384
PC.PMO.DLB.TCP.GCM2.CD553.AN_Gas_Fuel_Total,0.2967465953431285
PC.PMO.DLB.TCP.GCM1.CD543.AN_ZX399_112_Gas_LEL,0.29669893035320655
PC.PMO.DLB.TCP.GCM2.CD553.AN_LPC_Brg_Fwd_X_Gap,0.29511030962801854
PC.PMO.DLB.TCP.GCM2.CD553.AN_Eng_Brg_4_5_Drn_Temp,0.29461740387885804
PC.PMO.DLB.TCP.CGCE.CD563.AN_Gbx_LSS_BE_Y_Gap,0.2943971646106471
PC.PMO.DLB.TCP.GCM1.CD543.AN_HPC_Suc_Sept_Seal_Flow,0.294386004415284
PC.PMO.DLB.TCP.CGCE.CD563.AN_DC_Supply_Voltage,0.2940741292995586
PC.PMO.DLB.TCP.GCM2.CD553.AN_Gas_Fuel_Control_Press,0.29397772889581764
PC.PMO.DLB.TCP.GCM2.CD553.AN_Eng_Brg_1_Drn_Temp,0.29368961946471484
PC.PMO.DLB.TCP.GCM2.CD553.AN_LPC_Brg_Aft_Y_Vib,0.29339102711153187
PC.PMO.DLB.TCP.GCM2.CD553.AN_Gas_Fuel_Press,0.29265818097484303
PC.PMO.DLB.TCP.GCM2.CD553.AN_LPC_Discharge_Press,0.29135729043403746
PC.PMO.DLB.TCP.GCM2.CD553.AN_Eng_Brg_2_3_Drn_Temp,0.2912421938880214
PC.PMO.DLB.TCP.GCM2.CD553.AN_IPC_Brg_Fwd_Y_Vib,0.29056001760878947
PC.PMO.DLB.TCP.GCM2.CD553.AN_IPC_Suction_Press,0.2899110610490468
PC.PMO.DLB.TCP.GCM2.CD553.AP_LPC_Flow_Act,0.2895740754142477
PC.PMO.DLB.TCP.GCM2.CD553.AN_LPC_Seal_Gas_Filter_DP,0.28873579289981344
PC.PMO.DLB.TCP.GCM2.CD553.AN_Post_Lube_Time_Remaining,0.28867358422091405
PC.PMO.DLB.TCP.GCM2.CD553.AN_LPC_Brg_Aft_X_Vib,0.28773705570667685
PC.PMO.DLB.TCP.GCM2.CD553.AN_HPC_Brg_Fwd_Y_Vib,0.2875676481531012
PC.PMO.DLB.TCP.GCM2.CD553.AN_LPC_Flow_Std_HMI,0.28734716244459196
PC.PMO.DLB.TCP.GCM2.CD553.AP_LPC_Head,0.28681904868552177
PC.PMO.DLB.TCP.GCM2.CD553.AP_LPC_Flow_Std,0.2867903696255431
PC.PMO.DLB.TCP.GCM2.CD553.AN_LPC_ASC_Flow,0.28648275979307214
PC.PMO.DLB.TCP.GCM2.CD553.AN_Cpsr_Press_Hold_Time_Rem,0.28643770673550184
PC.PMO.DLB.TCP.GCM2.CD553.AP_LPC_Spd_Nom,0.286004219944108
PC.PMO.DLB.TCP.GCM2.CD553.AN_IPC_ASC_Speed_Flow,0.2859688929358504
PC.PMO.DLB.TCP.GCM2.CD553.AP_IPC_Flow_Act,0.2858164074550548
PC.PMO.DLB.TCP.GCM2.CD553.AN_HPC_Discharge_Temp,0.2850914715807614
PC.PMO.DLB.TCP.GCM2.CD553.AN_T5_TC1,0.2841322698334341
PC.PMO.DLB.TCP.GCM2.CD553.AN_T5_TC6,0.2835451419753473
PC.PMO.DLB.TCP.GCM2.CD553.AN_Turb_Air_Inlet_Filter_DP,0.28341885914108295
PC.PMO.DLB.TCP.GCM2.CD553.AN_HPC_Brg_Fwd_X_Vib,0.2831804329897235
PC.PMO.DLB.TCP.GCM2.CD553.AN_T5_TC3,0.28280114637029097
PC.PMO.DLB.TCP.GCM2.CD553.AN_HPC_ASC_Speed_Control_Line,0.2823320449208763
PC.PMO.DLB.TCP.GCM2.CD553.AN_LPC_ASC_Speed_Control_Line,0.28223831096206964
PC.PMO.DLB.TCP.GCM2.CD553.AN_T5_Average_Temperature,0.2817642824505289
PC.PMO.DLB.TCP.GCM2.CD553.AN_T5_TC5,0.2817362599892383
PC.PMO.DLB.TCP.GCM2.CD553.AN_Lube_Oil_Filter_DP,0.28166311188059917
PC.PMO.DLB.TCP.GCM2.CD553.AN_Gas_Valve_Pressure,0.28147823551210027
PC.PMO.DLB.TCP.GCM2.CD553.AP_HPC_Spd_Act,0.2813812808699489
PC.PMO.DLB.TCP.GCM2.CD553.AN_LPC_ASC_Speed_Flow,0.28134606821792074
PC.PMO.DLB.TCP.GCM2.CD553.AN_T5_TC2,0.28109404337794375
PC.PMO.DLB.TCP.GCM2.CD553.AN_IPC_ASC_Speed_Control_Line,0.28104125601111624
PC.PMO.DLB.TCP.GCM2.CD553.AN_Npt,0.2805723166331242
PC.PMO.DLB.TCP.GCM2.CD553.AN_Lube_Oil_Header_Press,0.2805100313852563
PC.PMO.DLB.TCP.GCM2.CD553.AN_Rundown_Time_Remaining,0.28042354165350863
PC.PMO.DLB.TCP.GCM2.CD553.AN_OSM_Speed,0.28035818805276747
PC.PMO.DLB.TCP.GCM2.CD553.AP_IPC_Spd_Nom,0.28029818577744064
PC.PMO.DLB.TCP.GCM2.CD553.AN_Turb_Air_Inlet_DP,0.28024576401148293
PC.PMO.DLB.TCP.GCM2.CD553.AP_LPC_Spd_Act,0.28001762013892895
PC.PMO.DLB.TCP.GCM2.CD553.AP_IPC_Spd_Act,0.27999961765644904
PC.PMO.DLB.TCP.GCM2.CD553.AN_Lube_Oil_Supply_Press,0.2793394489807424
PC.PMO.DLB.TCP.GCM2.CD553.AN_HPC_ASV_Position,0.2787859983131949
PC.PMO.DLB.TCP.GCM2.CD553.AN_Ngp,0.2786874592918816
PC.PMO.DLB.TCP.GCM2.CD553.AN_LPC_ASC_Flow_DP,0.278670429219151
PC.PMO.DLB.TCP.GCM2.CD553.AN_HPC_ASC_Speed_Head,0.27837229080289466
PC.PMO.DLB.TCP.GCM2.CD553.AN_T5_Compensator,0.2783138744680141
PC.PMO.DLB.TCP.GCM2.CD553.AN_HPC_ASV_Manual_SP,0.2782947010325016
PC.PMO.DLB.TCP.GCM2.CD553.AN_HPC_ASV_Command,0.2777041802268742
PC.PMO.DLB.TCP.GCM2.CD553.AN_T5_TC4,0.27752818903218474
PC.PMO.DLB.TCP.GCM2.CD553.AN_IPC_Brg_Fwd_X_Vib,0.2773278296814199
PC.PMO.DLB.TCP.GCM2.CD553.AN_IPC_Flow_Std_HMI,0.2772130233972317
PC.PMO.DLB.TCP.GCM2.CD553.AN_LPC_ASC_Speed_Head,0.27699239705475215
PC.PMO.DLB.TCP.GCM2.CD553.AP_IPC_Head,0.276379128897034
PC.PMO.DLB.TCP.GCM2.CD553.AP_IPC_Flow_Std,0.2757826560098259
PC.PMO.DLB.TCP.GCM2.CD553.AN_LPC_ASC_Control_Line,0.2754734841477444
PC.PMO.DLB.TCP.GCM2.CD553.AN_IPC_ASC_Speed_Head,0.2752756161361272
PC.PMO.DLB.TCP.GCM2.CD553.AN_LPC_Discharge_Temp,0.2744570966120551
PC.PMO.DLB.TCP.GCM2.CD553.AP_HPC_Sft_Pwr,0.27231127710138264
PC.PMO.DLB.TCP.CGCE.CD563.AN_HPC2_Surge_Margin,0.2721124621369022
PC.PMO.DLB.TCP.GCM2.CD553.AN_T5_Temperature_SP,0.2720559519269956
PC.PMO.DLB.TCP.GCM2.CD553.AN_Eng_Brg_PT_Vel,0.2718043411568047
PC.PMO.DLB.TCP.GCM2.CD553.AN_Min_Fuel,0.27169691587587586
PC.PMO.DLB.TCP.GCM2.CD553.AN_LPC_ASC_Head_Pcnt,0.27163148956470945
PC.PMO.DLB.TCP.GCM2.CD553.AN_Engine_Pcd,0.2715745021862349
PC.PMO.DLB.TCP.CGCE.CD563.AN_T1_Temperature,0.2708799172736485
PC.PMO.DLB.TCP.GCM2.CD553.AN_HPC_Brg_Aft_Y_Vib,0.27031809070280854
PC.PMO.DLB.TCP.GCM2.CD553.AN_IPC_ASC_Flow_DP,0.27027350651376747
PC.PMO.DLB.TCP.GCM2.CD553.AN_HPC_Brg_Aft_X_Vib,0.2700984980965277
PC.PMO.DLB.TCP.GCM2.CD553.AN_Process_Control_Ngp_SP,0.26902506023654493
PC.PMO.DLB.TCP.CGCE.CD563.AP_Eng_T5_Delta_GF,0.26894564318005054
PC.PMO.DLB.TCP.GCM1.CD543.AN_ZX399_105_Gas_LEL,0.26884867153730474
PC.PMO.DLB.TCP.GCM2.CD553.AP_Eng_Pwr_Delta_GF,0.2686760719047192
PC.PMO.DLB.TCP.GCM2.CD553.AP_Eng_Pwr_Corr_GF,0.26830719443861595
PC.PMO.DLB.TCP.GCM2.CD553.AP_IPC_Delta_Spd,0.2680157066320579
PC.PMO.DLB.TCP.GCM1.CD543.AN_ZX399_104_Gas_LEL,0.26706899333907796
PC.PMO.DLB.TCP.CGCE.CD563.AN_HPC_Brg_DE_X_Gap,0.26584274935582786
PC.PMO.DLB.TCP.GCM2.CD553.AN_IPC_Discharge_Press,0.26567280081332373
PC.PMO.DLB.TCP.GCM2.CD553.AN_Fuel_Control_Demand,0.26525182725802465
PC.PMO.DLB.TCP.GCM2.CD553.AN_HPC_Discharge_Press,0.2645860818185625
PC.PMO.DLB.TCP.GCM2.CD553.AN_HPC_Suction_Press,0.26407950239232303
PC.PMO.DLB.TCP.GCM2.CD553.AN_IPC_ASC_Control_Line,0.2637573668068384
PC.PMO.DLB.TCP.GCM2.CD553.AP_LPC_Delta_Spd,0.26367480973646595
PC.PMO.DLB.TCP.GCM2.CD553.AN_Gas_Fuel_Vlv_A_Total_Calc,0.26287651436462417
PC.PMO.DLB.TCP.GCM2.CD553.AN_Gas_Fuel_Vlv_B_Total_Calc,0.26269165120717425
PC.PMO.DLB.TCP.GCM2.CD553.AN_Gas_Fuel_Total_Calc,0.26224634820566356
PC.PMO.DLB.TCP.GCM2.CD553.AN_Ngp_SP,0.2609890805274675
PC.PMO.DLB.TCP.GCM2.CD553.AN_Ngp_Manual_SetPt,0.2609241486908621
PC.PMO.DLB.TCP.GCM2.CD553.AN_Load_Share_Control_NGP_Base_SP,0.2608820068353119
PC.PMO.DLB.TCP.GCM2.CD553.AN_Eng_Brg_GP_Vel,0.2601751262397186
PC.PMO.DLB.TCP.GCM2.CD553.AN_Encl_Pressure,0.25993270037268995
PC.PMO.DLB.TCP.GCM2.CD553.AP_IPC_Sft_Pwr,0.25893502547269776
PC.PMO.DLB.TCP.GCM2.CD553.AN_Start_Count,0.2509794717786746
PC.PMO.DLB.TCP.GCM2.CD553.AP_LPC_Sft_Pwr,0.2506719333272852
PC.PMO.DLB.TCP.GCM2.CD553.AN_RCCP_Discharge_SP_External,0.25016757385145955
PC.PMO.DLB.TCP.GCM2.CD553.AN_IPC_ASC_Head_Pcnt,0.24966953151085342
PC.PMO.DLB.TCP.GCM2.CD553.AN_No_Gas_Purge_Total_Time,0.24958075647604788
PC.PMO.DLB.TCP.GCM2.CD553.AN_HPC_Surge_Margin,0.24912765235151652
PC.PMO.DLB.TCP.GCM2.CD553.AN_Gas_Fuel_Control_B_DP,0.24795950066751798
PC.PMO.DLB.TCP.GCM2.CD553.AN_HPC_Buffer_Air_DP,0.24611389956966395
PC.PMO.DLB.TCP.CGCE.CD563.AN_HPC_Jrn_Brg_DE_Temp,0.24597457534157396
PC.PMO.DLB.TCP.GCM2.CD553.AN_Gas_Fuel_Control_A_DP,0.24485282393453003
PC.PMO.DLB.TCP.GCM2.CD553.AN_IPC_ASC_Flow,0.24442125678878782
PC.PMO.DLB.TCP.GCM2.CD553.AN_Gas_Fuel_Flow,0.24277556708376485
PC.PMO.DLB.TCP.GCM2.CD553.AN_ZX399_105_Gas_LEL,0.24091768943312564
PC.PMO.DLB.TCP.GCM2.CD553.AN_HPC_ASC_Flow,0.23396384818228586
PC.PMO.DLB.TCP.GCM2.CD553.AN_HPC_Flow_Std_HMI,0.23335838588071176
PC.PMO.DLB.TCP.GCM2.CD553.AN_Main_Gas_Valve_B_Position,0.23105300591203368
PC.PMO.DLB.TCP.GCM2.CD553.AN_Main_Gas_Valve_B_Command,0.23077445117732034
PC.PMO.DLB.TCP.GCM2.CD553.AN_Main_Gas_Valve_A_Command,0.23072575361542974
PC.PMO.DLB.TCP.GCM2.CD553.AN_Main_Gas_Valve_A_Position,0.23035234840183805
PC.PMO.DLB.TCP.GCM2.CD553.AP_HPC_Flow_Act,0.22928086436770967
PC.PMO.DLB.TCP.GCM2.CD553.AP_HPC_Flow_Std,0.22849258223459543
PC.PMO.DLB.TCP.CGCE.CD563.AN_T5_CJ_Temperature,0.22375282840764893
PC.PMO.DLB.TCP.CGCE.CD563.AN_Reference_Temperature,0.2237102863066039
PC.PMO.DLB.TCP.GCM2.CD553.AN_Ngp_Max_Speed_Record,0.22043922392236248
PC.PMO.DLB.TCP.GCM2.CD553.AN_HPC_Dis_Pri_Vent_Press,0.21933294631896436
PC.PMO.DLB.TCP.GCM2.CD553.AN_LPC_Brg_Aft_X_Gap,0.21916781432651455
PC.PMO.DLB.TCP.GCM2.CD553.AN_IPC_Buffer_Air_DP,0.21401893643044484
PC.PMO.DLB.TCP.GCM2.CD553.AN_HPC_ASC_Flow_DP,0.21309412506574252
PC.PMO.DLB.TCP.CGCE.CD563.AN_HPC_Brg_DE_Y_Gap,0.19407582500337262
PC.PMO.DLB.TCP.GCM1.CD543.AN_LPC_MRV_Command,0.18971487074236973
PC.PMO.DLB.TCP.GCM1.CD543.AN_LPC_MRV_Position,0.18959584221545214
PC.PMO.DLB.TCP.GCM1.CD543.AN_HPC_Suc_Sec_Vent_Flow,0.18810136653163675
PC.PMO.DLB.TCP.GCM2.CD553.AN_HPC_Suc_Pri_Vent_Press,0.18592701007608894
PC.PMO.DLB.TCP.CGCE.CD563.AN_Rem_Fuel_Gas_CO2_Content,0.18427164816284172
PC.PMO.DLB.TCP.GCM2.CD553.AP_HPC_Spd_Nom,0.18084091933152951
PC.PMO.DLB.TCP.GCM1.CD543.AN_LPC_Suction_Temp,0.1779288832380165
PC.PMO.DLB.TCP.GCM2.CD553.AN_LPC_Dis_Pri_Vent_Press,0.17366633893206349
PC.PMO.DLB.TCP.GCM2.CD553.AN_IPC_Seal_Gas_DP,0.1713436685110237
PC.PMO.DLB.TCP.GCM1.CD543.AN_HPC_Suction_Temp,0.16973102224736364
PC.PMO.DLB.TCP.CGCE.CD563.AN_Encl_Temperature,0.16741309583252634
PC.PMO.DLB.TCP.GCM2.CD553.AN_ZX399_102_Gas_LEL,0.1582681132378714
PC.PMO.DLB.TCP.GCM1.CD543.AN_HPC_Surge_Margin,0.15777194057044924
PC.PMO.DLB.TCP.GCM2.CD553.AN_Air_Supply_Pressure,0.15663075792804576
PC.PMO.DLB.TCP.CGCE.CD563.AP_LPC2_ETA_Nom,0.15646482777417883
PC.PMO.DLB.TCP.GCM1.CD543.AN_IPC_Suc_Pri_Vent_Press,0.15171252807333094
PC.PMO.DLB.TCP.GCM2.CD553.AN_Station_Interstage_Press,0.15102157795749463
PC.PMO.DLB.TCP.GCM2.CD553.AN_HPC_Seal_Gas_Filter_DP,0.14726416857901045
PC.PMO.DLB.TCP.GCM2.CD553.AN_Liquid_Fuel_Boost_Press,0.14698764276616033
PC.PMO.DLB.TCP.CGCE.CD563.AN_HPC_Brg_Non_Drive_End_Y_Gap,0.1468111876147173
PC.PMO.DLB.TCP.GCM2.CD553.AN_ZX399_100_Gas_LEL,0.1421730509734133
PC.PMO.DLB.TCP.GCM2.CD553.AN_ZX399_101_Gas_LEL,0.14081640119960231
PC.PMO.DLB.TCP.CGCE.CD563.AN_HPC_Brg_Non_Drive_End_X_Gap,0.13837880605965872
PC.PMO.DLB.TCP.GCM2.CD553.AN_HPC_Seal_Gas_DP,0.1291549543113821
PC.PMO.DLB.TCP.CGCE.CD563.AN_QE8108_Gas_LEL,0.12632831068766026
PC.PMO.DLB.TCP.CGCE.CD563.AN_LPC_Seal_Gas_PreFilter_DP,0.12619488196775008
PC.PMO.DLB.TCP.GCM2.CD553.AN_RCCP_Suction_SP_External,0.12311303571817496
PC.PMO.DLB.TCP.CGCE.CD563.AN_HPC_Inboard_Thr_Brg_Temp,0.12310417481502527
PC.PMO.DLB.TCP.GCM1.CD543.AP_Eng_Pwr_Corr_GF,0.1223257859185887
PC.PMO.DLB.TCP.GCM1.CD543.AN_T5_CJ_Temperature,0.11959755063470846
PC.PMO.DLB.TCP.GCM2.CD553.AN_IPC_Dis_Pri_Vent_Press,0.11755084622365011
PC.PMO.DLB.TCP.GCM2.CD553.AN_LPC_Buffer_Air_DP,0.11606108239453593
PC.PMO.DLB.TCP.GCM2.CD553.AP_Eng_Npt_Opt_GF,0.11574070426822974
PC.PMO.DLB.TCP.GCM1.CD543.AN_Encl_Temperature,0.11436613222596799
PC.PMO.DLB.TCP.GCM2.CD553.AN_T1_Temperature,0.11167623687534901
PC.PMO.DLB.TCP.GCM2.CD553.AP_Eng_PCD_Corr_GF,0.11148280884363104
PC.PMO.DLB.TCP.GCM2.CD553.AP_Eng_Fuel_Flow_Pred_GF,0.10803484902733576
PC.PMO.DLB.TCP.GCM2.CD553.AP_Eng_T5_Pred_GF,0.10790095198803937
PC.PMO.DLB.TCP.GCM2.CD553.AP_Eng_Pwr_Pred_GF,0.10700271725220724
PC.PMO.DLB.TCP.GCM1.CD543.AP_LPC_Flow_Act,0.10661763828450123
PC.PMO.DLB.TCP.GCM1.CD543.AN_Station_Suction_Press,0.10533470704775587
PC.PMO.DLB.TCP.GCM2.CD553.AP_Eng_Fuel_Flow_Delta_LF,0.1041095906882503
PC.PMO.DLB.TCP.GCM2.CD553.AP_Eng_PCD_Pred_GF,0.10309844816622506
PC.PMO.DLB.TCP.GCM1.CD543.AN_HPC_ASC_Flow_DP,0.10300492071869637
PC.PMO.DLB.TCP.GCM2.CD553.AP_Eng_ECF_LF,0.10092908433354159
PC.PMO.DLB.TCP.GCM1.CD543.AN_LPC_ASC_Flow,0.10072777382827461
PC.PMO.DLB.TCP.GCM2.CD553.AP_Eng_PCD_Delta_LF,0.09924758231025065
PC.PMO.DLB.TCP.GCM2.CD553.AN_HP_MRV_Suction_Press_SP,0.09399185848000169
PC.PMO.DLB.TCP.GCM2.CD553.AN_IPC_Suc_Pri_Vent_Press,0.09078519851142933
PC.PMO.DLB.TCP.CGCE.CD563.AN_Eng_Brg_PT_Ax1_Gap,0.08906822141871153
PC.PMO.DLB.TCP.GCM1.CD543.AN_OSM_Trip_Speed,0.08876249790911997
PC.PMO.DLB.TCP.GCM2.CD553.AP_Eng_T5_Delta_LF,0.08795073795916422
PC.PMO.DLB.TCP.GCM1.CD543.AN_IPC_Suction_Temp,0.08644392406726749
PC.PMO.DLB.TCP.CGCE.CD563.AN_HPC_Jrn_Brg_NDE_Temp,0.08625379283471753
PC.PMO.DLB.TCP.GCM1.CD543.AN_LPC_Suc_Pri_Vent_Press,0.08537429573169107
PC.PMO.DLB.TCP.GCM2.CD553.AN_Manual_Yard_Valve_Time_Rem,0.08177106356896024
PC.PMO.DLB.TCP.CGCE.CD563.AN_Q_Calc_Vcone_Act_HCP1,0.07942753801222056
PC.PMO.DLB.TCP.GCM1.CD543.AN_HPC_ASC_Flow,0.07918334378611042
PC.PMO.DLB.TCP.GCM2.CD553.AN_IPC_ASC_Deadband_Line_D_Coef,0.07606262446236496
PC.PMO.DLB.TCP.GCM1.CD543.AP_LPC_Spd_Nom,0.07452541669723718
PC.PMO.DLB.TCP.GCM2.CD553.AP_Eng_Fuel_Flow_Std_GF,0.07337036797187114
PC.PMO.DLB.TCP.GCM2.CD553.AN_T5_Spread,0.07327096478835084
PC.PMO.DLB.TCP.GCM2.CD553.AP_Eng_Fuel_Flow_Corr_GF,0.07296678791246079
PC.PMO.DLB.TCP.GCM2.CD553.AN_IPC_Seal_Gas_Filter_DP,0.07201333859774249
PC.PMO.DLB.TCP.CGCE.CD563.AN_Process_LPC1_Discharge_Press_SP,0.07130693148027888
PC.PMO.DLB.TCP.GCM1.CD543.AP_HPC_Flow_Act,0.07001267331064441
PC.PMO.DLB.TCP.CGCE.CD563.AN_QE8107_Gas_LEL,0.06944670407872221
PC.PMO.DLB.TCP.CGCE.CD563.AN_QE8012_Gas_LEL,0.06736092665611265
PC.PMO.DLB.TCP.CGCE.CD563.AN_Eng_Brg_PT_Ax1_Disp,0.06609490435195184
PC.PMO.DLB.TCP.GCM1.CD543.AN_HPC_Flow_Std_HMI,0.06591262933888353
PC.PMO.DLB.TCP.GCM1.CD543.AP_HPC_Flow_Std,0.06500433770893678
PC.PMO.DLB.TCP.GCM2.CD553.AN_Mode_Select_Inst_Speed,0.06275734582819469
PC.PMO.DLB.TCP.GCM1.CD543.AN_RCCP_Discharge_SP_External,0.06188199736142465
PC.PMO.DLB.TCP.GCM2.CD553.AN_LPC_Brg_Aft_Y_Gap,0.05795529526135116
PC.PMO.DLB.TCP.GCM1.CD543.AP_IPC_Delta_ETA,0.057703779628280334
PC.PMO.DLB.TCP.GCM1.CD543.AP_IPC_ETA_Act,0.05755874047684746
PC.PMO.DLB.TCP.CGCE.CD563.AN_Q_Calc_Vcone_Act_HCP2,0.05729353953390666
PC.PMO.DLB.TCP.GCM1.CD543.AN_LPC_Brg_Aft_Y_Gap,0.054166410182805935
PC.PMO.DLB.TCP.GCM1.CD543.AN_HPC_Brg_Aft_X_Gap,0.053335805214591955
PC.PMO.DLB.TCP.CGCE.CD563.AN_Cpsr_Purge_Time_Rem,0.05274578295375577
PC.PMO.DLB.TCP.CGCE.CD563.AN_Exh_Purge_Time_Rem,0.05243831394113315
PC.PMO.DLB.TCP.CGCE.CD563.AN_HPC_TRV_Command,0.052161705385023356
PC.PMO.DLB.TCP.GCM1.CD543.AN_IPC_Brg_Aft_Y_Gap,0.04861903988474776
PC.PMO.DLB.TCP.GCM1.CD543.AN_HPC_Brg_Aft_Y_Gap,0.04697128402277651
PC.PMO.DLB.TCP.GCM1.CD543.AN_Gas_Fuel_Control_Temp,0.0455517492185465
PC.PMO.DLB.TCP.CGCE.CD563.AN_Ngp_Max_Speed_Record,0.04121725985799085
PC.PMO.DLB.TCP.GCM1.CD543.AN_LPC_Brg_Aft_X_Gap,0.040060134152927945
PC.PMO.DLB.TCP.GCM1.CD543.AN_IPC_Brg_Fwd_X_Gap,0.0387627730754818
PC.PMO.DLB.TCP.GCM2.CD553.AN_Liquid_Fuel_Pump_Press,0.038414848861304585
PC.PMO.DLB.TCP.CGCE.CD563.AN_HPC_Outboard_Thr_Brg_Temp,0.03737544168081196
PC.PMO.DLB.TCP.GCM1.CD543.AN_HP_MRV_Auto_SP,0.03544803210722787
PC.PMO.DLB.TCP.GCM1.CD543.AN_Station_Discharge_Press,0.03407358118042386
PC.PMO.DLB.TCP.GCM1.CD543.AN_Lube_Oil_Header_Temp,0.03324499464597153
PC.PMO.DLB.TCP.GCM1.CD543.AN_IPC_Brg_Fwd_Y_Gap,0.03280672466147456
PC.PMO.DLB.TCP.GCM1.CD543.AN_HPC_Dis_Pri_Vent_Press,0.03209267600937845
PC.PMO.DLB.TCP.CGCE.CD563.AN_QE8002_Gas_LEL,0.031542308290007696
PC.PMO.DLB.TCP.CGCE.CD563.AN_QE8001_Gas_LEL,0.03106624888342266
PC.PMO.DLB.TCP.GCM2.CD553.AN_Engine_SN,0.029772937008306837
PC.PMO.DLB.TCP.GCM1.CD543.AN_Eng_Brg_1_Drn_Temp,0.0297117141172377
PC.PMO.DLB.TCP.GCM1.CD543.AN_HPC_Suc_Drain_Temp,0.029694391135060155
PC.PMO.DLB.TCP.CGCE.CD563.AN_Encl_Purge_Time_Rem,0.02881672768909788
PC.PMO.DLB.TCP.GCM1.CD543.AN_HPC_Dis_Drain_Temp,0.026832625239790693
PC.PMO.DLB.TCP.CGCE.CD563.AN_Stage_1_Suction_Valve_DP,0.026475804660408147
PC.PMO.DLB.TCP.GCM1.CD543.AN_Lube_Oil_Tank_Temp,0.02601979614300137
PC.PMO.DLB.TCP.GCM1.CD543.AN_T5_Spread,0.025949968622488467
PC.PMO.DLB.TCP.GCM1.CD543.AN_LPC_Brg_Fwd_X_Gap,0.025827157861166402
PC.PMO.DLB.TCP.GCM2.CD553.AN_LPC_ASC_Deadband_Line_D_Coef,0.025217440609871255
PC.PMO.DLB.TCP.GCM1.CD543.AN_Eng_Brg_4_5_Drn_Temp,0.024806162032583425
PC.PMO.DLB.TCP.GCM1.CD543.AN_LPC_Suc_Drain_Temp,0.02384170066637273
PC.PMO.DLB.TCP.GCM1.CD543.AN_HPC_Outboard_Thr_Brg_Temp,0.023676797177566516
PC.PMO.DLB.TCP.GCM1.CD543.AN_Eng_Brg_PT_Vel,0.023282294070312005
PC.PMO.DLB.TCP.GCM1.CD543.AN_IPC_Suc_Drain_Temp,0.023017236470620303
PC.PMO.DLB.TCP.GCM2.CD553.AN_IPC_ASC_Control_Line_B_Coef,0.022738408116695075
PC.PMO.DLB.TCP.GCM2.CD553.AN_HPC_ASC_Control_Line_B_Coef,0.022738408116695075
PC.PMO.DLB.TCP.GCM2.CD553.AN_IPC_ASC_Deadband_Line_C_Coef,0.022738408116695075
PC.PMO.DLB.TCP.CGCE.CD563.AN_QE8011_Gas_LEL,0.02231901461824161
PC.PMO.DLB.TCP.GCM1.CD543.AN_IPC_Inboard_Thr_Brg_Temp,0.020640295068784998
PC.PMO.DLB.TCP.GCM2.CD553.AN_Speed_SP_External,0.02047635707315298
PC.PMO.DLB.TCP.GCM1.CD543.AN_Eng_Brg_2_3_Drn_Temp,0.020460094537144913
PC.PMO.DLB.TCP.GCM1.CD543.AP_IPC_Head,0.019925167512392566
PC.PMO.DLB.TCP.GCM1.CD543.AN_IPC_Outboard_Thr_Brg_Temp,0.01918820285521613
PC.PMO.DLB.TCP.CGCE.CD563.AN_SC5000_Motor_Voltage,0.01852218276538684
PC.PMO.DLB.TCP.GCM1.CD543.AP_IPC_Spd_Nom,0.01845135397000501
PC.PMO.DLB.TCP.GCM1.CD543.AN_IPC_Discharge_Temp,0.01829773066918265
PC.PMO.DLB.TCP.GCM1.CD543.AN_Encl_Pressure,0.018147225423175883
PC.PMO.DLB.TCP.GCM1.CD543.AN_LP_Suction_Valve_DP,0.01785571952664406
PC.PMO.DLB.TCP.CGCE.CD563.AN_LPC_NDE_Seal_Press,0.017533470406823574
PC.PMO.DLB.TCP.GCM1.CD543.AN_LPC_Brg_Fwd_Y_Vib,0.01644631449871176
PC.PMO.DLB.TCP.GCM1.CD543.AN_Gas_Fuel_Total,0.01629764183744049
PC.PMO.DLB.TCP.CGCE.CD563.AN_SC5000_Motor_Freq,0.016065108930000002
PC.PMO.DLB.TCP.GCM1.CD543.AN_HPC_ASC_Deadband_Line_D_Coef,0.01588604068394895
PC.PMO.DLB.TCP.GCM1.CD543.AN_LPC_Brg_Fwd_Y_Gap,0.015743430188991533
PC.PMO.DLB.TCP.CGCE.CD563.AN_LPC1_ASC_Deadband_Line_D_Coef,0.01573047330575104
PC.PMO.DLB.TCP.GCM2.CD553.AN_Gas_Liq_Transfer_TR,0.014720072331364334
PC.PMO.DLB.TCP.GCM1.CD543.AN_HPC_Brg_Fwd_X_Vib,0.014535472366438512
PC.PMO.DLB.TCP.CGCE.CD563.AN_SC5000_Motor_Current,0.014217816555958171
PC.PMO.DLB.TCP.GCM1.CD543.AN_HPC_Brg_Fwd_Y_Vib,0.013829762948916288
PC.PMO.DLB.TCP.GCM1.CD543.AN_IPC_Suc_Sec_Vent_Flow,0.013774166529155283
PC.PMO.DLB.TCP.GCM1.CD543.AN_Eng_Brg_GP_Vel,0.013433509675035765
PC.PMO.DLB.TCP.GCM1.CD543.AP_LPC_Head,0.013234048233081856
PC.PMO.DLB.TCP.GCM1.CD543.AN_LPC_Dis_Drain_Temp,0.01235663643359623
PC.PMO.DLB.TCP.CGCE.CD563.AP_LPC1_Delta_ETA,0.012084612220990111
PC.PMO.DLB.TCP.CGCE.CD563.AN_QE8106_Gas_LEL,0.011924229926285168
PC.PMO.DLB.TCP.GCM1.CD543.AN_Cooldown_Time_Remaining,0.011715965211921094
PC.PMO.DLB.TCP.CGCE.CD563.AP_LPC1_Delta_Spd,0.0114607355625896
PC.PMO.DLB.TCP.GCM1.CD543.AN_Turb_Air_Inlet_Filter_DP,0.011243335895660357
PC.PMO.DLB.TCP.GCM1.CD543.AN_IPC_Seal_Gas_DP,0.011098523084768178
PC.PMO.DLB.TCP.GCM1.CD543.AN_IPC_ASC_Head_Pcnt,0.011064790352458893
PC.PMO.DLB.TCP.CGCE.CD563.AN_LPC2_ASC_Deadband_Line_D_Coef,0.010980579588935344
PC.PMO.DLB.TCP.GCM2.CD553.AN_HPC_ASC_Speed_Flow,0.010967177549223635
PC.PMO.DLB.TCP.GCM1.CD543.AN_Process_Control_Ngp_SP,0.010846345273623194
PC.PMO.DLB.TCP.GCM1.CD543.AN_IPC_Suc_Sept_Seal_Flow,0.010802318757177843
PC.PMO.DLB.TCP.CGCE.CD563.AN_SC5000_Motor_Power,0.010693818028958883
PC.PMO.DLB.TCP.GCM1.CD543.AN_IPC_Discharge_Press,0.010580111724010872
PC.PMO.DLB.TCP.GCM2.CD553.AN_Liq_Fuel_Valve_Cmd,0.009784763631031085
PC.PMO.DLB.TCP.GCM1.CD543.AP_IPC_Sft_Pwr,0.009468279191360897
PC.PMO.DLB.TCP.GCM2.CD553.AN_Liquid_Fuel_Flow,0.00925088632514425
PC.PMO.DLB.TCP.CGCE.CD563.AP_HPC1_ETA_Act,0.009078898356450763
PC.PMO.DLB.TCP.GCM1.CD543.AN_LPC_ASC_Head_Pcnt,0.008968667284894719
PC.PMO.DLB.TCP.GCM2.CD553.AP_HPC_ETA_Act,0.008884465661499601
PC.PMO.DLB.TCP.GCM2.CD553.AP_HPC_Delta_ETA,0.00881758523218914
PC.PMO.DLB.TCP.GCM1.CD543.AN_LPC_Discharge_Temp,0.008580363467419293
PC.PMO.DLB.TCP.GCM1.CD543.AN_HPC_ASC_Speed_Flow,0.008360995175155535
PC.PMO.DLB.TCP.GCM1.CD543.AN_HPC_Discharge_Temp,0.007954260568968917
PC.PMO.DLB.TCP.GCM1.CD543.AN_LPC_Inboard_Thr_Brg_Temp,0.007749207259524747
PC.PMO.DLB.TCP.GCM1.CD543.AN_IPC_Seal_Gas_Filter_DP,0.007227166311858588
PC.PMO.DLB.TCP.GCM1.CD543.AN_HPC_Suction_Press,0.006898463468459115
PC.PMO.DLB.TCP.GCM1.CD543.AP_Eng_ECF_LF,0.006867285737473059
PC.PMO.DLB.TCP.CGCE.CD563.AN_T5_Spread,0.006792046191880849
PC.PMO.DLB.TCP.GCM1.CD543.AN_LPC_Brg_Aft_Y_Vib,0.0067703733336325405
sy.st.DLBPINODE02.DL-B_UPS.IO Rate,0.006712591304929774
PC.PMO.DLB.TCP.GCM1.CD543.AN_IPC_ASC_Speed_Head,0.006627004201369854
PC.PMO.DLB.TCP.GCM1.CD543.AN_LPC_ASC_Control_Line,0.006514110746393681
PC.PMO.DLB.TCP.GCM1.CD543.AN_LPC_ASC_Speed_Head,0.0064332437623693586
PC.PMO.DLB.TCP.GCM1.CD543.AP_Eng_PCD_Delta_LF,0.006384767466371919
PC.PMO.DLB.TCP.GCM2.CD553.AP_IPC_Delta_ETA,0.006140436611585789
PC.PMO.DLB.TCP.GCM1.CD543.AN_IPC_ASC_Control_Line,0.006132258978075057
PC.PMO.DLB.TCP.GCM2.CD553.AP_IPC_ETA_Act,0.006122557741771796
PC.PMO.DLB.TCP.GCM1.CD543.AN_HPC_Brg_Fwd_X_Gap,0.005954197441915514
PC.PMO.DLB.TCP.GCM1.CD543.AP_HPC_Delta_Spd,0.005496436333430352
PC.PMO.DLB.TCP.GCM1.CD543.AP_IPC_Flow_Act,0.005395889766516048
PC.PMO.DLB.TCP.GCM1.CD543.AN_Encl_Purge_Time_Rem,0.004896483356781122
PC.PMO.DLB.TCP.GCM1.CD543.AN_Ngp_SP,0.004868277532067062
PC.PMO.DLB.TCP.GCM1.CD543.AN_Ngp_Manual_SetPt,0.004811808164423676
PC.PMO.DLB.TCP.GCM1.CD543.AN_Load_Share_Control_NGP_Base_SP,0.004789978454006005
PC.PMO.DLB.TCP.GCM2.CD553.AN_Npt_Max_Speed_Record,0.004705533530414642
PC.PMO.DLB.TCP.GCM2.CD553.AN_OSM_STest_Delta,0.004705533530413239
PC.PMO.DLB.TCP.GCM2.CD553.AN_OSM_Trip_SP,0.004705533530344933
PC.PMO.DLB.TCP.GCM2.CD553.AN_HP_MRV_Discharge_Press_SP,0.004704825224217968
PC.PMO.DLB.TCP.GCM2.CD553.AN_LSC_Unit_2_LDE_Grp_No,0.004704825224217622
PC.PMO.DLB.TCP.GCM2.CD553.AN_LSC_Unit_2_Grp_No,0.004704825224217602
PC.PMO.DLB.TCP.GCM1.CD543.AN_HPC_Suc_Pri_Vent_Press,0.004576455016866441
PC.PMO.DLB.TCP.GCM2.CD553.AN_HPC_ASC_Deadband_Line_C_Coef,0.0045235411248464585
PC.PMO.DLB.TCP.CGCE.CD563.AN_HPC2_ASC_Deadband_Line_D_Coef,0.004055000039097788
PC.PMO.DLB.TCP.GCM1.CD543.AN_LPC_Outboard_Thr_Brg_Temp,0.00404070266664951
PC.PMO.DLB.TCP.GCM1.CD543.AN_Engine_Pcd,0.0039485737910734155
PC.PMO.DLB.TCP.CGCE.CD563.AN_Bleed_Valve_Position,0.003887973776637225
PC.PMO.DLB.TCP.GCM2.CD553.AN_HPC_ASC_Deadband_Line_D_Coef,0.0037819730401601514
PC.PMO.DLB.TCP.GCM1.CD543.AN_IPC_Dis_Sept_Seal_Flow,0.003689406979972907
PC.PMO.DLB.TCP.GCM1.CD543.AN_T1_RTD_Fail_Time_Rem,0.0035657988811183517
PC.PMO.DLB.TCP.GCM1.CD543.AN_LPC_Discharge_Press,0.0035543781515179674
PC.PMO.DLB.TCP.CGCE.CD563.AN_HPC2_ASC_Flow,0.003422405067822691
PC.PMO.DLB.TCP.GCM1.CD543.AN_Npt,0.003363028457448791
PC.PMO.DLB.TCP.GCM1.CD543.AN_LPC_ASC_Speed_Control_Line,0.0032600297977681413
PC.PMO.DLB.TCP.GCM1.CD543.AP_Eng_Fuel_Flow_Delta_LF,0.0032403403609686876
PC.PMO.DLB.TCP.GCM1.CD543.AN_OSM_Speed,0.0031724447130700544
PC.PMO.DLB.TCP.GCM1.CD543.AN_IPC_ASC_Speed_Control_Line,0.003123942332074721
PC.PMO.DLB.TCP.GCM1.CD543.AP_IPC_Spd_Act,0.00274221352931512
PC.PMO.DLB.TCP.GCM1.CD543.AP_LPC_Spd_Act,0.002736913727825382
PC.PMO.DLB.TCP.GCM1.CD543.AP_HPC_Spd_Act,0.002707545796799144
PC.PMO.DLB.TCP.GCM1.CD543.AN_IPC_Dis_Pri_Vent_Press,0.002608890945380109
PC.PMO.DLB.TCP.GCM1.CD543.AN_LPC_Seal_Gas_DP,0.002450985936194229
PC.PMO.DLB.TCP.GCM1.CD543.AP_HPC_Delta_ETA,0.0024121533064326685
PC.PMO.DLB.TCP.GCM1.CD543.AP_HPC_ETA_Act,0.0023973354253277396
PC.PMO.DLB.TCP.GCM2.CD553.AN_T1_RTD_Fail_Time_Rem,0.0023744727456989564
PC.PMO.DLB.TCP.CGCE.CD563.AP_HPC1_Spd_Nom,0.002371162392106775
PC.PMO.DLB.TCP.GCM2.CD553.AN_LPC_ASC_Control_Line_D_Coef,0.0022730433924590373
PC.PMO.DLB.TCP.GCM2.CD553.AN_LPC_ASC_Control_Line_A_Coef,0.0022730433924590373
PC.PMO.DLB.TCP.GCM2.CD553.AN_LPC_ASC_Deadband_Line_C_Coef,0.0022730433924590373
PC.PMO.DLB.TCP.GCM2.CD553.AN_IPC_ASC_Deadband_Line_A_Coef,0.0022730433924590373
PC.PMO.DLB.TCP.GCM2.CD553.AN_LPC_ASC_Deadband_Line_A_Coef,0.0022730433924590373
PC.PMO.DLB.TCP.GCM2.CD553.AN_IPC_ASC_Control_Line_D_Coef,0.0022730433924590373
PC.PMO.DLB.TCP.GCM2.CD553.AN_IPC_ASC_Control_Line_A_Coef,0.0022730433924590373
PC.PMO.DLB.TCP.GCM2.CD553.AN_HPC_ASC_Control_Line_A_Coef,0.0022730433924590373
PC.PMO.DLB.TCP.CGCE.CD563.AN_Bleed_Valve_Command,0.002239975341128342
PC.PMO.DLB.TCP.GCM2.CD553.AP_LPC_ETA_Act,0.0021006621539644277
PC.PMO.DLB.TCP.GCM2.CD553.AP_LPC_Delta_ETA,0.002099501018293321
PC.PMO.DLB.TCP.GCM1.CD543.AN_LPC_Brg_Fwd_X_Vib,0.002023104378274785
PC.PMO.DLB.TCP.GCM1.CD543.AP_Eng_Pwr_Delta_LF,0.0020197110131396187
PC.PMO.DLB.TCP.GCM1.CD543.AN_IPC_Brg_Fwd_X_Vib,0.0020161742047021705
PC.PMO.DLB.TCP.GCM1.CD543.AP_Eng_Fuel_Flow_Corr_LF,0.0017240368766815424
PC.PMO.DLB.TCP.GCM1.CD543.AN_Total_Train_Cpsr_Purge_Time_Rem,0.0016855350386677673
PC.PMO.DLB.TCP.GCM1.CD543.AN_IPC_ASC_Flow,0.0016220414607960667
PC.PMO.DLB.TCP.GCM1.CD543.AN_LPC_Brg_Aft_X_Vib,0.0016082022165671624
PC.PMO.DLB.TCP.GCM1.CD543.AN_LP_Train_Cpsr_Purge_Time_Rem,0.0015681888451385326
PC.PMO.DLB.TCP.GCM1.CD543.AN_IPC_Brg_Fwd_Y_Vib,0.0014190211711269229
PC.PMO.DLB.TCP.CGCE.CD563.AP_LPC2_Spd_Nom,0.0014118813289220235
PC.PMO.DLB.TCP.GCM1.CD543.AN_Liquid_Fuel_Total,0.0012583981449478974
PC.PMO.DLB.TCP.GCM1.CD543.AN_LPC_ASV_Command,0.0012355106136369663
PC.PMO.DLB.TCP.CGCE.CD563.AN_T1_RTD_Fail_Time_Rem,0.0012184495614016029
PC.PMO.DLB.TCP.GCM2.CD553.AN_Station_Discharge_Press,0.0011730764950399063
PC.PMO.DLB.TCP.GCM1.CD543.AN_T5_TC6,0.0011711587772619343
PC.PMO.DLB.TCP.GCM1.CD543.AN_HP_Train_Cpsr_Purge_Time_Rem,0.0010646055771777465
PC.PMO.DLB.TCP.GCM2.CD553.AN_Gas_Fuel_Coales_DP,0.0008715236130592475
PC.PMO.DLB.TCP.GCM2.CD553.AP_Eng_ECF_GF,0.0008569690540455411
PC.PMO.DLB.TCP.GCM1.CD543.AP_Eng_T5_Delta_LF,0.0007606187868909144
PC.PMO.DLB.TCP.GCM1.CD543.AN_Exh_Purge_Time_Rem,0.0007582834149025987
PC.PMO.DLB.TCP.GCM1.CD543.AN_LPC_ASV_Manual_SP,0.0006942934761962144
PC.PMO.DLB.TCP.GCM1.CD543.AN_Station_Interstage_Press,0.0006003851483886175
PC.PMO.DLB.TCP.GCM1.CD543.AN_Min_Fuel,0.0005676050385964
PC.PMO.DLB.TCP.CGCE.CD563.AN_LPC1_ASC_Control_Line_C_Coef,0.0004857420069986492
PC.PMO.DLB.TCP.CGCE.CD563.AN_LPC2_ASC_Deadband_Line_A_Coef,0.0004857420069986492
PC.PMO.DLB.TCP.GCM1.CD543.AN_HPC_ASV_Command,0.0004391914835883032
PC.PMO.DLB.TCP.GCM1.CD543.AN_HPC_ASV_Manual_SP,0.0003940729244099797
PC.PMO.DLB.TCP.CGCE.CD563.AN_LPC1_ASC_Control_Line_D_Coef,0.0003646627333791407
PC.PMO.DLB.TCP.CGCE.CD563.AN_LPC2_ASC_Deadband_Line_C_Coef,0.00032420339226541493
PC.PMO.DLB.TCP.GCM1.CD543.AN_Ngp,0.0002806378195470559
PC.PMO.DLB.TCP.GCM1.CD543.AN_Gas_Valve_Pressure,0.00026509111984436144
PC.PMO.DLB.TCP.CGCE.CD563.AN_LPC2_ASC_Control_Line_A_Coef,0.00024318780567391746
PC.PMO.DLB.TCP.CGCE.CD563.AN_LPC1_ASC_Control_Line_A_Coef,0.00024318780567391746
PC.PMO.DLB.TCP.CGCE.CD563.AN_LPC2_ASC_Control_Line_D_Coef,0.00024318780567391746
PC.PMO.DLB.TCP.CGCE.CD563.AN_LPC1_ASC_Deadband_Line_B_Coef,0.00024318780567391746
PC.PMO.DLB.TCP.CGCE.CD563.AN_OSM_Trip_SP,0.00024318780567391746
PC.PMO.DLB.TCP.CGCE.CD563.AN_HPC1_ASC_Deadband_Line_A_Coef,0.00024318780567391746
PC.PMO.DLB.TCP.CGCE.CD563.AN_LPC2_ASC_Deadband_Line_B_Coef,0.00024318780567391746
PC.PMO.DLB.TCP.CGCE.CD563.AN_HPC1_ASC_Control_Line_D_Coef,0.00024318780567391746
PC.PMO.DLB.TCP.CGCE.CD563.AN_HPC1_ASC_Deadband_Line_B_Coef,0.00024318780567291558
PC.PMO.DLB.TCP.GCM2.CD553.AN_Gas_Manifold_Purge,0.00022459019112436112
PC.PMO.DLB.TCP.GCM1.CD543.AN_T5_TC5,0.0002194197224999873
PC.PMO.DLB.TCP.CGCE.CD563.AN_HPC1_ASC_Control_Line_A_Coef,0.0001621016961326974
PC.PMO.DLB.TCP.GCM1.CD543.AN_LPC_ASC_Deadband_Line_B_Coef,7.852315238453318e-05
PC.PMO.DLB.TCP.GCM1.CD543.AN_OSM_STest_Delta,7.852315238453318e-05
PC.PMO.DLB.TCP.GCM1.CD543.AN_LPC_ASC_Control_Line_C_Coef,2.5687304568301257e-05
PC.PMO.DLB.TCP.GCM1.CD543.AN_LPC_ASC_Control_Line_B_Coef,1.2842536947601423e-05
PC.PMO.DLB.TCP.CGCE.CD563.AN_HPC2_ASC_Control_Line_B_Coef,9.737980357690403e-16
PC.PMO.DLB.TCP.GCM2.CD553.AN_HPC_ASC_Deadband_Line_B_Coef,9.737980357690403e-16
PC.PMO.DLB.TCP.GCM1.CD543.AN_LPC_ASC_Control_Line_D_Coef,9.737980357690403e-16
PC.PMO.DLB.TCP.GCM1.CD543.AN_IPC_ASC_Deadband_Line_B_Coef,-9.737980357690403e-16
PC.PMO.DLB.TCP.GCM2.CD553.AN_LPC_ASC_Control_Line_C_Coef,-9.737980357690403e-16
PC.PMO.DLB.TCP.CGCE.CD563.AN_LPC1_ASC_Control_Line_B_Coef,-9.737980357690403e-16
PC.PMO.DLB.TCP.CGCE.CD563.AN_LPC2_ASC_Control_Line_C_Coef,-9.737980357690403e-16
PC.PMO.DLB.TCP.GCM1.CD543.AN_IPC_ASC_Deadband_Line_A_Coef,-2.5687304568301257e-05
PC.PMO.DLB.TCP.GCM1.CD543.AN_IPC_ASC_Control_Line_D_Coef,-2.5687304568301257e-05
PC.PMO.DLB.TCP.GCM1.CD543.AN_HPC_ASC_Control_Line_A_Coef,-2.5687304568301257e-05
PC.PMO.DLB.TCP.GCM1.CD543.AN_HPC_ASC_Deadband_Line_B_Coef,-2.5687304568301257e-05
PC.PMO.DLB.TCP.GCM1.CD543.AN_LPC_ASC_Deadband_Line_A_Coef,-2.5687304568301257e-05
PC.PMO.DLB.TCP.GCM1.CD543.AN_HPC_ASC_Deadband_Line_C_Coef,-5.135677073108833e-05
PC.PMO.DLB.TCP.GCM1.CD543.AN_LPC_ASC_Control_Line_A_Coef,-5.135677073108833e-05
PC.PMO.DLB.TCP.GCM1.CD543.AN_IPC_ASC_Control_Line_A_Coef,-5.135677073108833e-05
PC.PMO.DLB.TCP.GCM1.CD543.AN_OSM_Trip_SP,-7.852315238453318e-05
PC.PMO.DLB.TCP.GCM1.CD543.AN_HP_MRV_Discharge_Press_SP,-7.852315238453318e-05
PC.PMO.DLB.TCP.GCM1.CD543.AN_IPC_Dis_Sec_Vent_Flow,-0.00010311719928849868
PC.PMO.DLB.TCP.CGCE.CD563.AN_LPC1_ASC_Deadband_Line_C_Coef,-0.0001215542444603768
PC.PMO.DLB.TCP.CGCE.CD563.AN_HPC1_ASC_Control_Line_B_Coef,-0.0001215542444603768
PC.PMO.DLB.TCP.GCM1.CD543.AN_Rundown_Time_Remaining,-0.00014468768367945426
PC.PMO.DLB.TCP.GCM1.CD543.AN_LPC_ASC_Deadband_Line_C_Coef,-0.00015700540906915354
PC.PMO.DLB.TCP.GCM1.CD543.AN_HP_Suction_Valve_DP,-0.00020958997353416942
PC.PMO.DLB.TCP.CGCE.CD563.AN_HPC2_ASC_Control_Line_D_Coef,-0.00024318780567391746
PC.PMO.DLB.TCP.CGCE.CD563.AN_HPC1_ASC_Deadband_Line_C_Coef,-0.00024318780567391746
PC.PMO.DLB.TCP.CGCE.CD563.AN_HPC2_ASC_Deadband_Line_B_Coef,-0.00024318780567391746
PC.PMO.DLB.TCP.CGCE.CD563.AN_LPC1_ASC_Deadband_Line_A_Coef,-0.00024318780567391746
PC.PMO.DLB.TCP.CGCE.CD563.AN_LPC2_ASC_Control_Line_B_Coef,-0.00024318780567391746
PC.PMO.DLB.TCP.GCM1.CD543.AN_IPC_Brg_Aft_X_Vib,-0.0002451539262882772
PC.PMO.DLB.TCP.GCM1.CD543.AN_T5_TC3,-0.00027991895299173835
PC.PMO.DLB.TCP.GCM1.CD543.AN_LPC_Buffer_Air_DP,-0.000603194106607622
PC.PMO.DLB.TCP.GCM1.CD543.AN_IPC_Brg_Aft_Y_Vib,-0.0006368761087067234
PC.PMO.DLB.TCP.GCM1.CD543.AN_LPC_ASV_Position,-0.0008859742648272729
PC.PMO.DLB.TCP.GCM1.CD543.AN_IPC_Suction_Press,-0.0008954630040302374
PC.PMO.DLB.TCP.GCM1.CD543.AN_HPC_ASC_Control_Line_D_Coef,-0.000974510794644182
PC.PMO.DLB.TCP.GCM1.CD543.AN_IPC_ASC_Control_Line_B_Coef,-0.000974510794644182
PC.PMO.DLB.TCP.GCM1.CD543.AN_Lube_Oil_Header_Press,-0.0010391868283696354
PC.PMO.DLB.TCP.GCM2.CD553.AN_LPC_ASC_Control_Line_B_Coef,-0.0011351046948218854
PC.PMO.DLB.TCP.GCM1.CD543.AN_T5_Compensator,-0.0012022086097652944
PC.PMO.DLB.TCP.GCM1.CD543.AN_IPC_Flow_Std_HMI,-0.0013827546959867482
PC.PMO.DLB.TCP.CGCE.CD563.AP_LPC2_Delta_Spd,-0.0014340799734602603
PC.PMO.DLB.TCP.GCM1.CD543.AN_LPC_Dis_Sec_Vent_Flow,-0.001471620161763825
PC.PMO.DLB.TCP.GCM1.CD543.AN_Cpsr_Press_Hold_Time_Rem,-0.0017801239006422294
PC.PMO.DLB.TCP.GCM1.CD543.AP_IPC_Flow_Std,-0.0018007044514226865
PC.PMO.DLB.TCP.GCM1.CD543.AN_HPC_ASV_Position,-0.0019400234248543027
PC.PMO.DLB.TCP.GCM1.CD543.AP_Eng_PCD_Delta_GF,-0.0021325812001300715
PC.PMO.DLB.TCP.GCM1.CD543.AN_T5_Average_Temperature,-0.0021843691732936423
PC.PMO.DLB.TCP.CGCE.CD563.AN_HPC1_ASC_Deadband_Line_D_Coef,-0.002192845163854575
PC.PMO.DLB.TCP.GCM1.CD543.AN_Post_Lube_Time_Remaining,-0.002249509865709805
PC.PMO.DLB.TCP.GCM2.CD553.AN_IPC_ASC_Deadband_Line_B_Coef,-0.0022730433924590373
PC.PMO.DLB.TCP.GCM2.CD553.AN_LPC_ASC_Deadband_Line_B_Coef,-0.0022730433924590373
PC.PMO.DLB.TCP.GCM1.CD543.AN_Lube_Oil_Filter_DP,-0.0031613251527437118
PC.PMO.DLB.TCP.GCM1.CD543.AP_Eng_Fuel_Flow_Std_LF,-0.00326275716194734
PC.PMO.DLB.TCP.GCM1.CD543.AP_Eng_Fuel_Flow_Pred_LF,-0.0034627739534249377
PC.PMO.DLB.TCP.GCM1.CD543.AN_No_Gas_Purge_Total_Time,-0.0035088282787862756
PC.PMO.DLB.TCP.GCM1.CD543.AP_Eng_Pwr_Corr_LF,-0.003519955767716699
PC.PMO.DLB.TCP.GCM2.CD553.AN_Main_Liq_Valve_Position,-0.0035228320974670987
PC.PMO.DLB.TCP.GCM1.CD543.AN_T5_TC4,-0.003587279419092016
PC.PMO.DLB.TCP.GCM1.CD543.AP_Eng_Npt_Opt_LF,-0.0037398170146896344
PC.PMO.DLB.TCP.GCM1.CD543.AN_Liquid_Fuel_Flow,-0.0038611729671926324
PC.PMO.DLB.TCP.GCM1.CD543.AP_Eng_PCD_Corr_LF,-0.003867224620405342
PC.PMO.DLB.TCP.GCM1.CD543.AP_Eng_Pwr_Pred_LF,-0.003911553033958521
PC.PMO.DLB.TCP.GCM1.CD543.AN_HPC_MRV_Position,-0.0039620761955011154
PC.PMO.DLB.TCP.GCM1.CD543.AN_ZX399_100_Gas_LEL,-0.00411716259451313
PC.PMO.DLB.TCP.GCM2.CD553.AP_HPC_ETA_Nom,-0.004211724700640949
PC.PMO.DLB.TCP.GCM1.CD543.AP_HPC_Sft_Pwr,-0.0042213393080390285
PC.PMO.DLB.TCP.CGCE.CD563.AN_SC5000_Alarm_Code,-0.004313852821258424
PC.PMO.DLB.TCP.GCM1.CD543.AP_Eng_PCD_Pred_LF,-0.004437994450413923
PC.PMO.DLB.TCP.GCM1.CD543.AP_Eng_T5_Pred_LF,-0.004755596207557854
PC.PMO.DLB.TCP.CGCE.CD563.AN_HPC2_ASC_Deadband_Line_C_Coef,-0.004759693369155787
PC.PMO.DLB.TCP.CGCE.CD563.AN_HPC2_ASC_Control_Line_C_Coef,-0.004759693369155787
PC.PMO.DLB.TCP.GCM1.CD543.AN_Fuel_Control_Demand,-0.0047951935488452216
PC.PMO.DLB.TCP.GCM1.CD543.AN_Gas_Fuel_Coales_DP,-0.0048666099836624
PC.PMO.DLB.TCP.GCM1.CD543.AN_Engine_SN,-0.0048709457195105785
PC.PMO.DLB.TCP.GCM1.CD543.AN_Main_Gas_Valve_A_Command,-0.005100106563826299
PC.PMO.DLB.TCP.GCM1.CD543.AN_Main_Gas_Valve_B_Command,-0.005114041578785578
PC.PMO.DLB.TCP.GCM1.CD543.AP_LPC_ETA_Act,-0.005118764624522731
PC.PMO.DLB.TCP.CGCE.CD563.AP_HPC2_ETA_Nom,-0.005140974760682864
PC.PMO.DLB.TCP.GCM1.CD543.AN_Liq_Fuel_Valve_Cmd,-0.005153677954660771
PC.PMO.DLB.TCP.GCM1.CD543.AN_T5_TC1,-0.005203916599292858
PC.PMO.DLB.TCP.GCM1.CD543.AN_Gas_Fuel_Vlv_B_Total_Calc,-0.005211528913899051
PC.PMO.DLB.TCP.GCM1.CD543.AN_Lube_Oil_Supply_Press,-0.005333298522292928
PC.PMO.DLB.TCP.GCM1.CD543.AP_LPC_Delta_ETA,-0.005358774439164438
PC.PMO.DLB.TCP.GCM1.CD543.AN_Gas_Fuel_Total_Calc,-0.00540769913179718
PC.PMO.DLB.TCP.GCM1.CD543.AN_Gas_Fuel_Vlv_A_Total_Calc,-0.005445447821879611
PC.PMO.DLB.TCP.GCM1.CD543.AN_Load_Share_Control_LDE_SP,-0.0054751330290996655
PC.PMO.DLB.TCP.GCM1.CD543.AN_Main_Gas_Valve_A_Position,-0.005604976219109758
PC.PMO.DLB.TCP.GCM1.CD543.AN_HPC_Dis_Sec_Vent_Flow,-0.005656592388747347
PC.PMO.DLB.TCP.GCM1.CD543.AN_HPC_Inboard_Thr_Brg_Temp,-0.005697117311531693
PC.PMO.DLB.TCP.GCM1.CD543.AN_Main_Gas_Valve_B_Position,-0.006050812735160937
PC.PMO.DLB.TCP.GCM1.CD543.AN_Load_Fail_Time_Rem,-0.006094386115024713
PC.PMO.DLB.TCP.GCM1.CD543.AN_Load_Share_Control_LDE_PV,-0.006116950070197842
PC.PMO.DLB.TCP.GCM1.CD543.AN_T5_TC2,-0.006264715782560107
PC.PMO.DLB.TCP.GCM1.CD543.AP_LPC_Sft_Pwr,-0.00645167515585014
PC.PMO.DLB.TCP.GCM1.CD543.AN_IPC_ASC_Flow_DP,-0.00692075631167736
PC.PMO.DLB.TCP.GCM1.CD543.AN_HP_MRV_Suction_Press_SP,-0.007119344510785618
PC.PMO.DLB.TCP.GCM1.CD543.AN_Gas_Fuel_Control_Press,-0.007524695459075986
PC.PMO.DLB.TCP.GCM2.CD553.AN_Station_Suction_Press,-0.0075403923978641365
PC.PMO.DLB.TCP.CGCE.CD563.AN_LPC_Separation_Gas_Filter_DP,-0.007627545810296174
PC.PMO.DLB.TCP.GCM1.CD543.AN_LPC_Surge_Margin,-0.008032591927868085
PC.PMO.DLB.TCP.GCM2.CD553.AN_Cooldown_Time_Remaining,-0.00810689803256653
PC.PMO.DLB.TCP.GCM2.CD553.AN_Liquid_Fuel_Total,-0.008470009239774342
PC.PMO.DLB.TCP.GCM2.CD553.AP_Eng_PCD_Delta_GF,-0.008532997519989177
PC.PMO.DLB.TCP.GCM1.CD543.AN_LPC_Flow_Std_HMI,-0.008628688332776125
PC.PMO.DLB.TCP.GCM1.CD543.AN_Gas_Fuel_Flow,-0.008648533859884977
PC.PMO.DLB.TCP.GCM1.CD543.AN_HPC_Discharge_Press,-0.008740634552415482
PC.PMO.DLB.TCP.GCM1.CD543.AN_IPC_ASC_Speed_Flow,-0.008744965645766293
PC.PMO.DLB.TCP.GCM1.CD543.AN_LPC_Suction_Press,-0.008863559700817763
PC.PMO.DLB.TCP.GCM1.CD543.AN_LPC_ASC_Deadband_Line_D_Coef,-0.008891514945348896
PC.PMO.DLB.TCP.GCM1.CD543.AP_LPC_Flow_Std,-0.009180828472916767
PC.PMO.DLB.TCP.GCM1.CD543.AN_Main_Liq_Valve_Position,-0.009188336829031757
PC.PMO.DLB.TCP.GCM1.CD543.AN_IPC_Surge_Margin,-0.009480469144780648
PC.PMO.DLB.TCP.GCM1.CD543.AN_Gas_Liq_Transfer_TR,-0.010289136571244853
PC.PMO.DLB.TCP.GCM1.CD543.AN_Gas_Manifold_Purge,-0.01046906371477883
PC.PMO.DLB.TCP.GCM1.CD543.AN_LPC_ASC_Speed_Flow,-0.010561760683625307
PC.PMO.DLB.TCP.GCM2.CD553.AN_LPC_Surge_Margin,-0.010926821083626066
PC.PMO.DLB.TCP.GCM1.CD543.AN_LPC_Suc_Sept_Seal_Flow,-0.01094565026800029
PC.PMO.DLB.TCP.GCM1.CD543.AN_RCCP_Suction_SP_External,-0.012013137215784647
PC.PMO.DLB.TCP.GCM2.CD553.AN_Load_Fail_Time_Rem,-0.012071813043450693
PC.PMO.DLB.TCP.CGCE.CD563.AP_HPC1_Delta_Spd,-0.012115436593152009
PC.PMO.DLB.TCP.GCM2.CD553.AN_Load_Share_Control_LDE_SP,-0.012449678787412016
PC.PMO.DLB.TCP.GCM1.CD543.AP_HPC_Spd_Nom,-0.012697392489912258
PC.PMO.DLB.TCP.GCM1.CD543.AN_LPC_ASC_Flow_DP,-0.01283434845911146
PC.PMO.DLB.TCP.GCM1.CD543.AN_HPC_Brg_Aft_X_Vib,-0.013088127502307478
PC.PMO.DLB.TCP.GCM1.CD543.AN_IPC_ASV_Manual_SP,-0.013561300076495232
PC.PMO.DLB.TCP.GCM1.CD543.AN_HPC_ASC_Speed_Control_Line,-0.013610582675471326
PC.PMO.DLB.TCP.GCM1.CD543.AN_IPC_ASV_Command,-0.013800695830203326
PC.PMO.DLB.TCP.GCM1.CD543.AN_HPC_Dis_Sept_Seal_Flow,-0.016453692779099614
PC.PMO.DLB.TCP.GCM1.CD543.AN_IPC_ASV_Position,-0.0169443648801941
PC.PMO.DLB.TCP.GCM1.CD543.AP_IPC_Delta_Spd,-0.016951237626459274
PC.PMO.DLB.TCP.CGCE.CD563.AN_LPC_DE_Seal_Press,-0.017085175126767185
PC.PMO.DLB.TCP.GCM1.CD543.AN_HPC_Buffer_Air_DP,-0.01860351615998207
PC.PMO.DLB.TCP.GCM2.CD553.AN_HPC_MRV_Position,-0.01908047273595026
PC.PMO.DLB.TCP.GCM2.CD553.AN_T5_Active_TC_Count,-0.02098290073923968
PC.PMO.DLB.TCP.GCM1.CD543.AN_LSC_Unit_2_LDE_Grp_No,-0.021427931138828262
PC.PMO.DLB.TCP.GCM1.CD543.AN_LSC_Unit_2_Grp_No,-0.0214279311388283
PC.PMO.DLB.TCP.GCM1.CD543.AN_LPC_Dis_Sept_Seal_Flow,-0.021478344698547456
PC.PMO.DLB.TCP.GCM1.CD543.AP_HPC_Head,-0.021548375720110903
PC.PMO.DLB.TCP.GCM2.CD553.AN_LPC_MRV_Position,-0.022884896471505125
PC.PMO.DLB.TCP.CGCE.CD563.AN_Q_Calc_Vcone_HCP1,-0.0231670356636279
PC.PMO.DLB.TCP.GCM1.CD543.AN_Gas_Fuel_Control_B_DP,-0.023602025320900822
PC.PMO.DLB.TCP.GCM1.CD543.AN_Gas_Fuel_Control_A_DP,-0.02368511740549932
PC.PMO.DLB.TCP.GCM2.CD553.AN_HPC_ASC_Control_Line,-0.025316478398141072
PC.PMO.DLB.TCP.GCM1.CD543.AN_IPC_Buffer_Air_DP,-0.025426011666966456
PC.PMO.DLB.TCP.GCM1.CD543.AN_HPC_Brg_Aft_Y_Vib,-0.02589825727389065
PC.PMO.DLB.TCP.GCM1.CD543.AN_HPC_ASC_Speed_Head,-0.026292019087048188
PC.PMO.DLB.TCP.CGCE.CD563.AP_LPC1_ETA_Act,-0.027326937449064247
PC.PMO.DLB.TCP.GCM2.CD553.AP_Eng_Pwr_Delta_LF,-0.027476224607585035
PC.PMO.DLB.TCP.GCM1.CD543.AN_LPC_Suc_Sec_Vent_Flow,-0.02805571853961683
PC.PMO.DLB.TCP.GCM1.CD543.AN_DC_Supply_Voltage,-0.028605710097238744
PC.PMO.DLB.TCP.GCM2.CD553.AP_Eng_Pwr_Corr_LF,-0.029062457247527224
PC.PMO.DLB.TCP.CGCE.CD563.AN_Q_Calc_Vcone_Act_LCP2,-0.03056568935269071
PC.PMO.DLB.TCP.GCM1.CD543.AN_HPC_Brg_Fwd_Y_Gap,-0.03166659145148314
PC.PMO.DLB.TCP.GCM1.CD543.AN_T5_Active_TC_Count,-0.033635429243526915
PC.PMO.DLB.TCP.GCM1.CD543.AN_ZX399_102_Gas_LEL,-0.03513282963987725
PC.PMO.DLB.TCP.CGCE.CD563.AP_LPC1_Spd_Nom,-0.03583803875125963
PC.PMO.DLB.TCP.GCM1.CD543.AN_RCCP_Interstage_SP_External,-0.03699311507898559
PC.PMO.DLB.TCP.GCM1.CD543.AP_LPC_Delta_Spd,-0.0384567672378434
PC.PMO.DLB.TCP.CGCE.CD563.AN_Load_Fail_Time_Rem,-0.03911529108533291
PC.PMO.DLB.TCP.GCM1.CD543.AP_Eng_Npt_Opt_GF,-0.03918735198417045
PC.PMO.DLB.TCP.GCM1.CD543.AN_Air_Supply_Pressure,-0.04089093884888614
PC.PMO.DLB.TCP.GCM2.CD553.AP_LPC_ETA_Nom,-0.04193075135493029
PC.PMO.DLB.TCP.GCM1.CD543.AN_IPC_ASC_Deadband_Line_D_Coef,-0.04235394446193407
PC.PMO.DLB.TCP.GCM1.CD543.AN_ZX399_101_Gas_LEL,-0.04310717673406947
PC.PMO.DLB.TCP.CGCE.CD563.AN_Air_Supply_Pressure,-0.04319739104321641
PC.PMO.DLB.TCP.CGCE.CD563.AN_QE8003_Gas_LEL,-0.043294240997858315
PC.PMO.DLB.TCP.CGCE.CD563.AN_T5_TC10,-0.04365154900617228
PC.PMO.DLB.TCP.CGCE.CD563.AN_T5_TC12,-0.044636622366282894
PC.PMO.DLB.TCP.CGCE.CD563.AN_LPC1_ASC_Head_Pcnt,-0.04474734649275407
PC.PMO.DLB.TCP.CGCE.CD563.AP_HPC2_Delta_ETA,-0.045528255645466024
PC.PMO.DLB.TCP.CGCE.CD563.AP_HPC2_ETA_Act,-0.0455336698398938
PC.PMO.DLB.TCP.CGCE.CD563.AP_HPC1_Delta_ETA,-0.04630270674051186
PC.PMO.DLB.TCP.CGCE.CD563.AN_T5_TC1,-0.04721852227176005
PC.PMO.DLB.TCP.CGCE.CD563.AN_T5_TC5,-0.04838394132792733
PC.PMO.DLB.TCP.CGCE.CD563.AN_T5_TC11,-0.04971166775233704
PC.PMO.DLB.TCP.CGCE.CD563.AN_LPC2_ASC_Flow,-0.049797613310173766
PC.PMO.DLB.TCP.CGCE.CD563.AN_T5_TC2,-0.050253928954052174
PC.PMO.DLB.TCP.CGCE.CD563.AN_T5_TC7,-0.05033832864515335
PC.PMO.DLB.TCP.CGCE.CD563.AN_T5_TC3,-0.0507130045189591
PC.PMO.DLB.TCP.CGCE.CD563.AN_T5_TC4,-0.05356248462732842
PC.PMO.DLB.TCP.GCM1.CD543.AN_LPC_Seal_Gas_Filter_DP,-0.05360952832989271
PC.PMO.DLB.TCP.CGCE.CD563.AN_T5_TC6,-0.053713439546469136
PC.PMO.DLB.TCP.GCM1.CD543.AP_Eng_Pwr_Pred_GF,-0.054774955331211975
PC.PMO.DLB.TCP.CGCE.CD563.AN_T5_TC9,-0.05561428668686247
PC.PMO.DLB.TCP.CGCE.CD563.AP_LPC2_ETA_Act,-0.05732072792285321
PC.PMO.DLB.TCP.CGCE.CD563.AN_T5_TC8,-0.05778909454385179
PC.PMO.DLB.TCP.CGCE.CD563.AN_LPC1_ASC_Control_Line,-0.058779588433623305
PC.PMO.DLB.TCP.GCM1.CD543.AP_Eng_T5_Pred_GF,-0.05879778294090974
PC.PMO.DLB.TCP.CGCE.CD563.AN_HPC1_ASC_Head_Pcnt,-0.05985409345555373
PC.PMO.DLB.TCP.GCM1.CD543.AP_Eng_Fuel_Flow_Pred_GF,-0.06006319879636218
PC.PMO.DLB.TCP.CGCE.CD563.AN_Gas_Fuel_Control_Press,-0.06090121650827147
PC.PMO.DLB.TCP.CGCE.CD563.AN_HPC1_ASC_Control_Line,-0.06283632740385448
PC.PMO.DLB.TCP.GCM1.CD543.AP_Eng_PCD_Pred_GF,-0.06295659317138025
PC.PMO.DLB.TCP.CGCE.CD563.AN_LPC2_Discharge_Press,-0.06341509558253161
PC.PMO.DLB.TCP.CGCE.CD563.AN_Gas_Valve_Pressure,-0.06417930163140848
PC.PMO.DLB.TCP.GCM1.CD543.AP_Eng_PCD_Corr_GF,-0.06470210635826841
PC.PMO.DLB.TCP.CGCE.CD563.AN_Stage_4_Suction_Header_Pressure,-0.06510780798249086
PC.PMO.DLB.TCP.CGCE.CD563.AN_Stage_4_Discharge_Header_Pressure,-0.06592425724666429
PC.PMO.DLB.TCP.GCM1.CD543.AN_HPC_ASC_Control_Line,-0.06649165805869173
sy.st.DLBPINODE02.DL-B_TCP_CGCE.IO Rate,-0.07107973879920863
PC.PMO.DLB.TCP.CGCE.CD563.AN_HPC2_ASC_Control_Line,-0.0722893879904596
PC.PMO.DLB.TCP.CGCE.CD563.AN_HPC2_ASC_Head_Pcnt,-0.07304999979600073
PC.PMO.DLB.TCP.CGCE.CD563.AP_HPC2_Spd_Nom,-0.07348887256228648
PC.PMO.DLB.TCP.GCM1.CD543.AP_IPC_ETA_Nom,-0.07619176982602911
PC.PMO.DLB.TCP.GCM2.CD553.AN_RCCP_Interstage_SP_External,-0.0769387972179585
PC.PMO.DLB.TCP.GCM2.CD553.AP_Eng_T5_Delta_GF,-0.07850032521202896
PC.PMO.DLB.TCP.GCM2.CD553.AN_Load_Share_Control_LDE_PV,-0.07996487329433741
PC.PMO.DLB.TCP.GCM1.CD543.AN_HPC_ASC_Head_Pcnt,-0.08689320352697937
PC.PMO.DLB.TCP.GCM1.CD543.AP_Eng_Fuel_Flow_Std_GF,-0.08735846543636398
PC.PMO.DLB.TCP.GCM1.CD543.AP_Eng_Fuel_Flow_Corr_GF,-0.08759366168766011
PC.PMO.DLB.TCP.GCM1.CD543.AN_Gas_Fuel_Press,-0.09227553663790992
PC.PMO.DLB.TCP.CGCE.CD563.AP_LPC2_Delta_ETA,-0.09451580177559185
PC.PMO.DLB.TCP.GCM2.CD553.AN_LP_MRV_Suction_Press_SP,-0.09579892106685593
PC.PMO.DLB.TCP.CGCE.CD563.AN_LPC1_Discharge_Press,-0.09657355547353692
PC.PMO.DLB.TCP.GCM2.CD553.AP_Eng_Pwr_Pred_LF,-0.09724657317406633
PC.PMO.DLB.TCP.GCM2.CD553.AP_Eng_Npt_Opt_LF,-0.09728894161361269
PC.PMO.DLB.TCP.GCM2.CD553.AP_Eng_T5_Pred_LF,-0.1036258353277549
PC.PMO.DLB.TCP.CGCE.CD563.AN_T5_Active_TC_Count,-0.10365828424117213
PC.PMO.DLB.TCP.GCM2.CD553.AP_Eng_Fuel_Flow_Std_LF,-0.10366181301574035
PC.PMO.DLB.TCP.GCM2.CD553.AP_Eng_PCD_Corr_LF,-0.10386720666450702
PC.PMO.DLB.TCP.GCM2.CD553.AP_Eng_Fuel_Flow_Pred_LF,-0.10393411190604575
PC.PMO.DLB.TCP.GCM2.CD553.AP_Eng_PCD_Pred_LF,-0.10425750625909176
PC.PMO.DLB.TCP.GCM1.CD543.AP_Eng_T5_Delta_GF,-0.10609206458637495
PC.PMO.DLB.TCP.GCM2.CD553.AP_HPC_Head,-0.10798542092461888
PC.PMO.DLB.TCP.GCM2.CD553.AP_Eng_Fuel_Flow_Corr_LF,-0.1081852603650378
PC.PMO.DLB.TCP.CGCE.CD563.AN_Stage_4_Suction_Valve_DP,-0.11019895244747405
PC.PMO.DLB.TCP.GCM1.CD543.AN_Process_Suction_Press_SP,-0.11145764108640607
PC.PMO.DLB.TCP.GCM1.CD543.AN_IPC_Dis_Drain_Temp,-0.11280747260299312
PC.PMO.DLB.TCP.CGCE.CD563.AN_LPC_Seal_Gas_Filter_DP,-0.114979622084494
PC.PMO.DLB.TCP.CGCE.CD563.AN_Guide_Vane_Force,-0.12131276800396461
PC.PMO.DLB.TCP.GCM2.CD553.AP_IPC_ETA_Nom,-0.1297346757719814
PC.PMO.DLB.TCP.CGCE.CD563.AN_Rem_Speed_SP,-0.13609150747560778
PC.PMO.DLB.TCP.GCM2.CD553.AN_LPC_Dis_Sec_Vent_Flow,-0.1372906012537675
PC.PMO.DLB.TCP.CGCE.CD563.AN_Lube_Oil_Tank_Level,-0.13777108374266578
PC.PMO.DLB.TCP.GCM2.CD553.AN_OSM_Trip_Speed,-0.13918790543120585
PC.PMO.DLB.TCP.CGCE.CD563.AN_Main_Gas_Valve_Command,-0.1413797161819266
PC.PMO.DLB.TCP.GCM1.CD543.AP_HPC_ETA_Nom,-0.14188949449310287
PC.PMO.DLB.TCP.GCM2.CD553.AN_HPC_Suc_Sec_Vent_Flow,-0.14422025596172522
PC.PMO.DLB.TCP.GCM2.CD553.AN_IPC_Suc_Sec_Vent_Flow,-0.1445710832123398
PC.PMO.DLB.TCP.GCM1.CD543.AN_LPC_Dis_Pri_Vent_Press,-0.14539634185131994
PC.PMO.DLB.TCP.GCM2.CD553.AN_HPC_ASC_Head_Pcnt,-0.15109621921821256
PC.PMO.DLB.TCP.GCM1.CD543.AN_Speed_SP_External,-0.15496932507008096
PC.PMO.DLB.TCP.GCM1.CD543.AP_Eng_ECF_GF,-0.15672463654665786
PC.PMO.DLB.TCP.CGCE.CD563.AN_Engine_Fired_Hours,-0.1636352241577703
PC.PMO.DLB.TCP.GCM1.CD543.AN_HPC_Seal_Gas_Filter_DP,-0.1654827789792347
PC.PMO.DLB.TCP.GCM2.CD553.AP_Eng_Fuel_Flow_Delta_GF,-0.17395268142326062
PC.PMO.DLB.TCP.GCM1.CD543.AN_HPC_Seal_Gas_DP,-0.18166445301403653
PC.PMO.DLB.TCP.GCM1.CD543.AN_LP_MRV_Manual_SP,-0.1898067484599417
PC.PMO.DLB.TCP.GCM1.CD543.AN_LP_MRV_Auto_SP,-0.1907252885884397
PC.PMO.DLB.TCP.GCM1.CD543.AN_Turb_Air_Inlet_DP,-0.19329738511159542
PC.PMO.DLB.TCP.GCM1.CD543.AP_LPC_ETA_Nom,-0.19584369081936223
PC.PMO.DLB.TCP.GCM1.CD543.AN_T5_Temperature_SP,-0.20194642478621136
PC.PMO.DLB.TCP.CGCE.CD563.AN_OSM_Trip_Speed,-0.203347550121866
PC.PMO.DLB.TCP.CGCE.CD563.AN_Eng_Brg_2Y_Gap,-0.2054731148479659
PC.PMO.DLB.TCP.GCM1.CD543.AN_Manual_Yard_Valve_Time_Rem,-0.20719271601578282
PC.PMO.DLB.TCP.GCM1.CD543.AP_Eng_Fuel_Flow_Delta_GF,-0.20940680636003267
PC.PMO.DLB.TCP.CGCE.CD563.AN_HPC1_Suction_Temp,-0.2184619862257495
PC.PMO.DLB.TCP.CGCE.CD563.AN_Eng_Brg_4X_Gap,-0.22530103111665828
PC.PMO.DLB.TCP.CGCE.CD563.AN_HPC_NDE_Seal_Press,-0.2278118124987027
PC.PMO.DLB.TCP.CGCE.CD563.AN_LPC1_Suction_Temp,-0.22892788739080902
PC.PMO.DLB.TCP.CGCE.CD563.AN_LPC2_Suction_Temp,-0.23268681660471915
PC.PMO.DLB.TCP.CGCE.CD563.AN_Ngp_Manual_SetPt,-0.2369987527458714
PC.PMO.DLB.TCP.GCM1.CD543.AN_LP_MRV_Suction_Press_SP,-0.2374324335233749
PC.PMO.DLB.TCP.GCM2.CD553.AN_IPC_Suc_Sept_Seal_Flow,-0.2395671041478455
PC.PMO.DLB.TCP.CGCE.CD563.AN_HPC_ASC_2_Flow_DP,-0.24070898513937689
PC.PMO.DLB.TCP.CGCE.CD563.AN_Start_Count,-0.24116597681508437
PC.PMO.DLB.TCP.CGCE.CD563.AP_Eng_PCD_Delta_GF,-0.24403793949162284
PC.PMO.DLB.TCP.CGCE.CD563.AN_HPC1_ASC_Flow,-0.24514718010752387
PC.PMO.DLB.TCP.GCM1.CD543.AN_Liquid_Fuel_Pump_Press,-0.246086784286729
PC.PMO.DLB.TCP.CGCE.CD563.AN_HPC2_Discharge_Press,-0.24716549926598508
PC.PMO.DLB.TCP.CGCE.CD563.AN_Gbx_LSS_BE_1Prb_Ax_Disp,-0.25293094891581874
PC.PMO.DLB.TCP.CGCE.CD563.AN_Gbx_LSS_BE_1Prb_Ax_Gap,-0.2531561922984694
PC.PMO.DLB.TCP.CGCE.CD563.AN_HPC_ASC_1_Flow_DP,-0.2533316502159244
PC.PMO.DLB.TCP.CGCE.CD563.AN_Cooldown_Time_Remaining,-0.2546472396427805
PC.PMO.DLB.TCP.GCM2.CD553.AN_IPC_Surge_Margin,-0.2558856420879609
PC.PMO.DLB.TCP.GCM1.CD543.AN_Mode_Select_Inst_Speed,-0.25608712388358384
PC.PMO.DLB.TCP.CGCE.CD563.AP_Eng_ECF_GF,-0.2589081877562186
PC.PMO.DLB.TCP.CGCE.CD563.AN_Fuel_Gas_Filter_Separator_DP,-0.25907142834530306
PC.PMO.DLB.TCP.CGCE.CD563.AN_Gbx_LSS_BE_2Prb_Ax_Gap,-0.2603795664380891
PC.PMO.DLB.TCP.GCM1.CD543.AN_Liquid_Fuel_Boost_Press,-0.26113276242442846
PC.PMO.DLB.TCP.GCM1.CD543.AN_Ngp_Max_Speed_Record,-0.2645986054831441
PC.PMO.DLB.TCP.CGCE.CD563.AN_Q_Calc_Vcone_HCP2,-0.26475354161188164
PC.PMO.DLB.TCP.GCM1.CD543.AN_IPC_Brg_Aft_X_Gap,-0.26625050835578096
PC.PMO.DLB.TCP.CGCE.CD563.AN_Eng_Brg_2X_Gap,-0.2696371776874594
PC.PMO.DLB.TCP.CGCE.CD563.AN_Gbx_LSS_BE_2Prb_Ax_Disp,-0.2709072948730705
PC.PMO.DLB.TCP.CGCE.CD563.AN_Gbx_LS_Ext_Accel_Dis,-0.2712149848573491
PC.PMO.DLB.TCP.CGCE.CD563.AN_HPC2_Suction_Temp,-0.2717909544581634
PC.PMO.DLB.TCP.GCM2.CD553.AN_LP_MRV_Auto_SP,-0.2726845093360075
PC.PMO.DLB.TCP.CGCE.CD563.AP_HPC2_Sft_Pwr,-0.27329007906839636
PC.PMO.DLB.TCP.GCM2.CD553.AN_HP_MRV_Auto_SP,-0.2745022465282286
PC.PMO.DLB.TCP.CGCE.CD563.AN_Fuel_Control_Demand,-0.27668365572798226
PC.PMO.DLB.TCP.GCM2.CD553.AN_HPC_MRV_Command,-0.2779118427620176
PC.PMO.DLB.TCP.GCM2.CD553.AN_HP_MRV_Manual_SP,-0.2779424888860449
PC.PMO.DLB.TCP.GCM2.CD553.AN_LP_MRV_Manual_SP,-0.27801541623622666
PC.PMO.DLB.TCP.GCM2.CD553.AN_LPC_MRV_Command,-0.27803085846580883
PC.PMO.DLB.TCP.CGCE.CD563.AN_Eng_Brg_3Y_Gap,-0.27803985054142827
PC.PMO.DLB.TCP.CGCE.CD563.AP_HPC1_Sft_Pwr,-0.2780595257296457
PC.PMO.DLB.TCP.CGCE.CD563.AN_Eng_Brg_3X_Gap,-0.27851736205232175
PC.PMO.DLB.TCP.CGCE.CD563.AP_HPC2_Flow_Std,-0.2792154765031047
PC.PMO.DLB.TCP.CGCE.CD563.AN_LPC1_ASV_Position,-0.2793566904126358
PC.PMO.DLB.TCP.CGCE.CD563.AN_LPC1_ASV_Manual_SP,-0.2803358594855701
PC.PMO.DLB.TCP.CGCE.CD563.AN_LPC1_ASV_Command,-0.2803509898547461
PC.PMO.DLB.TCP.GCM2.CD553.AN_LPC_Dis_Sept_Seal_Flow,-0.28142185824135973
PC.PMO.DLB.TCP.GCM2.CD553.AN_HPC_Dis_Sec_Vent_Flow,-0.2821496685361184
PC.PMO.DLB.TCP.CGCE.CD563.AN_Eng_Brg_1Y_Gap,-0.28246825295484823
PC.PMO.DLB.TCP.GCM2.CD553.AN_HPC_Dis_Sept_Seal_Flow,-0.28285375669821927
PC.PMO.DLB.TCP.GCM2.CD553.AN_LP_Suction_Valve_DP,-0.2830479576452414
PC.PMO.DLB.TCP.GCM2.CD553.AN_Encl_Purge_Time_Rem,-0.28332586135559784
PC.PMO.DLB.TCP.GCM2.CD553.AN_HP_Train_Cpsr_Purge_Time_Rem,-0.2835498959717421
PC.PMO.DLB.TCP.GCM2.CD553.AN_DC_Supply_Voltage,-0.28413483214178253
PC.PMO.DLB.TCP.CGCE.CD563.AN_Main_Gas_Valve_Position,-0.2841612862905842
PC.PMO.DLB.TCP.CGCE.CD563.AN_LPC_Seal_Gas_Supply_Valve_Cmd,-0.2844278369686536
PC.PMO.DLB.TCP.GCM2.CD553.AN_Total_Train_Cpsr_Purge_Time_Rem,-0.2853900222837935
PC.PMO.DLB.TCP.GCM2.CD553.AN_LP_Train_Cpsr_Purge_Time_Rem,-0.28541041295657116
PC.PMO.DLB.TCP.CGCE.CD563.AN_Lube_Oil_Tank_Press,-0.2857649946507309
PC.PMO.DLB.TCP.CGCE.CD563.AN_Main_Gas_Valve_2_Position,-0.28629783006629766
PC.PMO.DLB.TCP.CGCE.CD563.AN_HPC_Brg_Non_Drive_End_X_Vib,-0.2868255535007743
PC.PMO.DLB.TCP.CGCE.CD563.AN_Main_Gas_Valve_2_Command,-0.28698325765605304
PC.PMO.DLB.TCP.CGCE.CD563.AN_HPC_Brg_2Prb_Ax_Gap,-0.2873796289107372
PC.PMO.DLB.TCP.CGCE.CD563.AN_HPC_Brg_2Prb_Ax_Disp,-0.2874026380909726
PC.PMO.DLB.TCP.CGCE.CD563.AN_Gbx_LSS_CE_X_Vib,-0.28773446624610294
PC.PMO.DLB.TCP.CGCE.CD563.AP_HPC2_Flow_Act,-0.2878485812930123
PC.PMO.DLB.TCP.GCM2.CD553.AN_IPC_Dis_Sept_Seal_Flow,-0.28862387700050385
PC.PMO.DLB.TCP.CGCE.CD563.AN_Gbx_LSS_CE_Y_Vib,-0.28892174803350157
PC.PMO.DLB.TCP.CGCE.CD563.AP_HPC1_Flow_Act,-0.2895192976323481
PC.PMO.DLB.TCP.CGCE.CD563.AN_LPC1_Discharge_Temp,-0.2913021471170088
PC.PMO.DLB.TCP.GCM2.CD553.AN_Exh_Purge_Time_Rem,-0.2919603033237248
PC.PMO.DLB.TCP.CGCE.CD563.AP_HPC1_Flow_Std,-0.29206949191872006
PC.PMO.DLB.TCP.GCM2.CD553.AN_HP_Suction_Valve_DP,-0.29328761072110815
PC.PMO.DLB.TCP.CGCE.CD563.AN_Gas_Fuel_Control_Vlv_2_DP,-0.29487206705721647
PC.PMO.DLB.TCP.CGCE.CD563.AN_HPC_Brg_Non_Drive_End_Y_Vib,-0.2956314320023306
PC.PMO.DLB.TCP.CGCE.CD563.AN_Q_Calc_Vcone_Act_LCP1,-0.2959767896389932
PC.PMO.DLB.TCP.CGCE.CD563.AN_Turb_Air_Inlet_Filter_DP,-0.2968909077835071
PC.PMO.DLB.TCP.CGCE.CD563.AN_LPC2_Discharge_Temp,-0.2973305819350751
PC.PMO.DLB.TCP.CGCE.CD563.AN_Turb_Air_Inlet_DP,-0.29740272215551383
PC.PMO.DLB.TCP.CGCE.CD563.AN_Eng_Brg_4X_Vib,-0.29762298234288265
PC.PMO.DLB.TCP.CGCE.CD563.AN_HPC1_Discharge_Temp,-0.2982577328596161
PC.PMO.DLB.TCP.CGCE.CD563.AP_Eng_Pwr_Pred_GF,-0.2988963434063394
PC.PMO.DLB.TCP.CGCE.CD563.AP_Eng_Pwr_Corr_GF,-0.2993062743100218
PC.PMO.DLB.TCP.CGCE.CD563.AP_Eng_Pwr_Delta_GF,-0.2993363963720874
PC.PMO.DLB.TCP.CGCE.CD563.AN_HPC_Brg_DE_Y_Vib,-0.3002037984727694
PC.PMO.DLB.TCP.CGCE.CD563.AN_LPC2_ASV_Position,-0.3002813646969638
PC.PMO.DLB.TCP.CGCE.CD563.AN_LPC2_ASV_Manual_SP,-0.3003682751007073
PC.PMO.DLB.TCP.CGCE.CD563.AN_LPC2_ASV_Command,-0.30053462467758846
PC.PMO.DLB.TCP.CGCE.CD563.AP_LPC1_Head,-0.30111511969358
PC.PMO.DLB.TCP.CGCE.CD563.AP_LPC2_Head,-0.3014244126943154
PC.PMO.DLB.TCP.GCM2.CD553.AN_IPC_Dis_Sec_Vent_Flow,-0.3016477470038942
PC.PMO.DLB.TCP.CGCE.CD563.AP_LPC2_Sft_Pwr,-0.30289065167123064
PC.PMO.DLB.TCP.GCM2.CD553.AN_LPC_Suc_Sept_Seal_Flow,-0.30351317592329174
PC.PMO.DLB.TCP.GCM2.CD553.AN_LPC_Suc_Sec_Vent_Flow,-0.3037880678569972
PC.PMO.DLB.TCP.GCM1.CD543.AN_Engine_Fired_Hours,-0.30401886086559265
PC.PMO.DLB.TCP.CGCE.CD563.AN_LPC2_ASC_Head_Pcnt,-0.30437116491681404
PC.PMO.DLB.TCP.CGCE.CD563.AN_HPC_Brg_DE_X_Vib,-0.30487986602221717
PC.PMO.DLB.TCP.CGCE.CD563.AN_Eng_Accessory_Gb_Vel,-0.30492417504176494
PC.PMO.DLB.TCP.CGCE.CD563.AN_Eng_Brg_1X_Gap,-0.30658310621595436
PC.PMO.DLB.TCP.CGCE.CD563.AN_Gbx_HSS_CE_Y_Vib,-0.30664140824175945
PC.PMO.DLB.TCP.CGCE.CD563.AN_Eng_Brg_2X_Vib,-0.3082603669372488
PC.PMO.DLB.TCP.CGCE.CD563.AN_Gbx_HSS_BE_Y_Vib,-0.30848830859681514
PC.PMO.DLB.TCP.CGCE.CD563.AP_LPC2_Flow_Act,-0.30849236352614784
PC.PMO.DLB.TCP.GCM2.CD553.AN_HPC_Suc_Sept_Seal_Flow,-0.30872830734997575
PC.PMO.DLB.TCP.CGCE.CD563.AP_Eng_Fuel_Flow_Pred_GF,-0.3087969766321376
PC.PMO.DLB.TCP.CGCE.CD563.AN_LPC_ASC_2_Flow_DP,-0.30889156499631054
PC.PMO.DLB.TCP.CGCE.CD563.AP_HPC2_Head,-0.3094421552353963
PC.PMO.DLB.TCP.CGCE.CD563.AP_HPC1_Head,-0.3099279871550574
PC.PMO.DLB.TCP.CGCE.CD563.AN_LPC2_ASC_Control_Line,-0.3101035137921844
PC.PMO.DLB.TCP.CGCE.CD563.AN_HPC1_ASV_Manual_SP,-0.3112326868006194
PC.PMO.DLB.TCP.CGCE.CD563.AN_Guide_Vane_Position,-0.3113474217307477
PC.PMO.DLB.TCP.CGCE.CD563.AN_HPC1_ASV_Command,-0.31148784819093783
PC.PMO.DLB.TCP.CGCE.CD563.AN_Guide_Vane_Command,-0.3116908269414537
PC.PMO.DLB.TCP.CGCE.CD563.AN_Eng_Brg_4Y_Gap,-0.31176065300974826
PC.PMO.DLB.TCP.CGCE.CD563.AP_Eng_PCD_Pred_GF,-0.3122309758754282
PC.PMO.DLB.TCP.CGCE.CD563.AP_Eng_PCD_Corr_GF,-0.3123305270497529
PC.PMO.DLB.TCP.CGCE.CD563.AN_HPC1_ASV_Position,-0.31266515535485045
PC.PMO.DLB.TCP.CGCE.CD563.AN_HPC2_Discharge_Temp,-0.31267885986717164
PC.PMO.DLB.TCP.CGCE.CD563.AN_Gbx_LSS_Outboard_Thr_Brg_Temp,-0.31294783106110996
PC.PMO.DLB.TCP.CGCE.CD563.AN_Gbx_LSS_BE_Y_Vib,-0.31311316245567006
PC.PMO.DLB.TCP.CGCE.CD563.AP_Eng_Npt_Opt_GF,-0.31319606724257454
PC.PMO.DLB.TCP.CGCE.CD563.AN_Engine_Pcd,-0.3135778331696952
PC.PMO.DLB.TCP.CGCE.CD563.AN_Gbx_HS_Ext_Accel_Dis,-0.31360839126746964
PC.PMO.DLB.TCP.CGCE.CD563.AP_Eng_Fuel_Flow_Corr_GF,-0.3137184107403596
PC.PMO.DLB.TCP.CGCE.CD563.AP_HPC1_Spd_Act,-0.3140326388163975
PC.PMO.DLB.TCP.GCM1.CD543.AN_Start_Count,-0.3140983308818479
PC.PMO.DLB.TCP.CGCE.CD563.AP_LPC1_Spd_Act,-0.3142313108940281
PC.PMO.DLB.TCP.CGCE.CD563.AP_Eng_Fuel_Flow_Delta_GF,-0.3142400663081736
PC.PMO.DLB.TCP.CGCE.CD563.AP_LPC2_Spd_Act,-0.31431427518158334
PC.PMO.DLB.TCP.CGCE.CD563.AP_HPC2_Spd_Act,-0.31432074752237765
PC.PMO.DLB.TCP.CGCE.CD563.AP_Eng_Fuel_Flow_Std_GF,-0.31456645251501925
PC.PMO.DLB.TCP.CGCE.CD563.AN_Npt,-0.31461508074921274
PC.PMO.DLB.TCP.CGCE.CD563.AN_Lube_Oil_Cooler_Outlet_Temp,-0.31462917825342407
PC.PMO.DLB.TCP.CGCE.CD563.AN_OSM_Speed,-0.31470031820468514
PC.PMO.DLB.TCP.CGCE.CD563.AP_LPC1_Flow_Act,-0.31488939866644633
PC.PMO.DLB.TCP.CGCE.CD563.AN_Process_Control_Ngp_SP,-0.3153560056124546
PC.PMO.DLB.TCP.CGCE.CD563.AN_Q_Calc_Vcone_LCP2,-0.3156691450049116
PC.PMO.DLB.TCP.CGCE.CD563.AP_Eng_T5_Pred_GF,-0.31587707274003246
PC.PMO.DLB.TCP.CGCE.CD563.AN_Ngp_SP,-0.31594850239897176
PC.PMO.DLB.TCP.CGCE.CD563.AN_Gbx_LSS_Inboard_Thr_Brg_Temp,-0.3161701804981576
PC.PMO.DLB.TCP.CGCE.CD563.AN_Gbx_LSS_Jrn_Brg_NDE_Temp,-0.31655971454217113
PC.PMO.DLB.TCP.CGCE.CD563.AN_Eng_Brg_4_5_Drn_Temp,-0.31694109253027714
PC.PMO.DLB.TCP.CGCE.CD563.AN_LPC1_ASC_Flow,-0.31702434799223966
PC.PMO.DLB.TCP.CGCE.CD563.AN_Gbx_LSS_Jrn_Brg_DE_Temp,-0.3170445269438112
PC.PMO.DLB.TCP.CGCE.CD563.AN_Eng_Brg_1_Drn_Temp,-0.3179924244762957
PC.PMO.DLB.TCP.CGCE.CD563.AN_Eng_Brg_2_3_Drn_Temp,-0.3188726091535587
PC.PMO.DLB.TCP.CGCE.CD563.AN_Gbx_HSS_Jrn_Brg_DE_Temp,-0.31956535233281763
PC.PMO.DLB.TCP.CGCE.CD563.AN_Gbx_HSS_BE_X_Gap,-0.31981490070785573
PC.PMO.DLB.TCP.CGCE.CD563.AN_Gbx_HSS_Jrn_Brg_NDE_Temp,-0.32001790956375575
PC.PMO.DLB.TCP.CGCE.CD563.AN_T5_Average_Temperature,-0.3206400761159328
PC.PMO.DLB.TCP.CGCE.CD563.AN_Engine_SN,-0.3214854893509094
PC.PMO.DLB.TCP.CGCE.CD563.AP_LPC1_Sft_Pwr,-0.3215899470334743
PC.PMO.DLB.TCP.CGCE.CD563.AN_HPC2_ASV_Position,-0.3221793745893557
PC.PMO.DLB.TCP.CGCE.CD563.AN_Eng_GP_Thr_Brg_Temp,-0.32227109702468487
PC.PMO.DLB.TCP.CGCE.CD563.AN_Lube_Oil_Tank_Temp,-0.32275532569808624
PC.PMO.DLB.TCP.CGCE.CD563.AN_Ngp,-0.32299562348219685
PC.PMO.DLB.TCP.CGCE.CD563.AN_HPC1_Discharge_Press,-0.32301407745782945
PC.PMO.DLB.TCP.CGCE.CD563.AN_HPC2_ASV_Command,-0.32342026475004515
PC.PMO.DLB.TCP.CGCE.CD563.AN_Gas_Fuel_Control_Temp,-0.3235415562542993
PC.PMO.DLB.TCP.CGCE.CD563.AN_HPC2_ASV_Manual_SP,-0.323885585191866
PC.PMO.DLB.TCP.CGCE.CD563.AN_Min_Fuel,-0.32413579153238553
PC.PMO.DLB.TCP.CGCE.CD563.AN_Eng_Brg_5Y_Vib,-0.32421639445453443
PC.PMO.DLB.TCP.CGCE.CD563.AN_Eng_Brg_GP_Ax1_Disp,-0.324280558570913
PC.PMO.DLB.TCP.CGCE.CD563.AN_Rundown_Time_Remaining,-0.3243498294908877
PC.PMO.DLB.TCP.CGCE.CD563.AN_Eng_GP_Thr_Brg_Temp_B,-0.3245217547648604
PC.PMO.DLB.TCP.CGCE.CD563.AN_Gas_Fuel_Flow,-0.32457846592755013
PC.PMO.DLB.TCP.CGCE.CD563.AN_LPC_Seal_Gas_Supply_DP,-0.32495640972874723
PC.PMO.DLB.TCP.CGCE.CD563.AN_HPC2_Suction_Press,-0.32500641770659194
PC.PMO.DLB.TCP.CGCE.CD563.AP_LPC2_Flow_Std,-0.32526920958323585
PC.PMO.DLB.TCP.CGCE.CD563.AN_T5_Temperature_SP,-0.32527007073677977
PC.PMO.DLB.TCP.CGCE.CD563.AN_Slow_Roll_Time_Rem,-0.3254796939218468
PC.PMO.DLB.TCP.CGCE.CD563.AN_Lube_Oil_Header_Temp,-0.3258823433595454
PC.PMO.DLB.TCP.CGCE.CD563.AN_Driven_Lube_Oil_Header_Press_2,-0.32626899647004837
PC.PMO.DLB.TCP.CGCE.CD563.AN_Lube_Oil_Filter_DP,-0.32641765714849297
PC.PMO.DLB.TCP.CGCE.CD563.AN_Eng_Brg_GP_Ax1_Gap,-0.32671401977359193
PC.PMO.DLB.TCP.CGCE.CD563.AN_Post_Lube_Time_Remaining,-0.32690000018878856
PC.PMO.DLB.TCP.CGCE.CD563.AN_Driven_Lube_Oil_Header_Press,-0.3273676437624754
PC.PMO.DLB.TCP.CGCE.CD563.AN_Cpsr_Press_Hold_Time_Rem,-0.3276142058592984
PC.PMO.DLB.TCP.CGCE.CD563.AN_Eng_Brg_2Y_Vib,-0.3294400119530688
PC.PMO.DLB.TCP.CGCE.CD563.AN_Eng_Brg_4Y_Vib,-0.33090803503821764
PC.PMO.DLB.TCP.CGCE.CD563.AN_Lube_Oil_Header_Press,-0.3310173199866879
PC.PMO.DLB.TCP.CGCE.CD563.AN_HPC1_Suction_Press,-0.331157763257302
PC.PMO.DLB.TCP.CGCE.CD563.AN_Gas_Fuel_Press,-0.3313216179172296
PC.PMO.DLB.TCP.CGCE.CD563.AN_Q_Calc_Vcone_LCP1,-0.3318606606042459
PC.PMO.DLB.TCP.CGCE.CD563.AN_Eng_PT_Thr_Brg_Temp,-0.3328875418300925
PC.PMO.DLB.TCP.CGCE.CD563.AN_Eng_PT_Thr_Brg_Temp_B,-0.33313420320218984
PC.PMO.DLB.TCP.CGCE.CD563.AP_HPC2_Delta_Spd,-0.33329547595755776
PC.PMO.DLB.TCP.CGCE.CD563.AN_Eng_Brg_3X_Vib,-0.33436261962989217
PC.PMO.DLB.TCP.CGCE.CD563.AN_LPC_Brg_DE_Y_Vib,-0.33484713311891756
PC.PMO.DLB.TCP.CGCE.CD563.AN_LPC_ASC_1_Flow_DP,-0.33488617056476355
PC.PMO.DLB.TCP.CGCE.CD563.AN_Gbx_LSS_BE_X_Vib,-0.3356790821436197
PC.PMO.DLB.TCP.CGCE.CD563.AN_Gbx_HSS_CE_X_Gap,-0.3375187475296118
PC.PMO.DLB.TCP.CGCE.CD563.AN_Gas_Fuel_Control_Vlv_DP,-0.3376069812612195
PC.PMO.DLB.TCP.CGCE.CD563.AN_HPC_Seal_Gas_Supply_Valve_Cmd,-0.3378573378088061
PC.PMO.DLB.TCP.CGCE.CD563.AN_Gbx_HSS_BE_X_Vib,-0.3398337061723375
PC.PMO.DLB.TCP.CGCE.CD563.AN_HPC_Seal_Gas_Supply_DP,-0.3419617877276903
PC.PMO.DLB.TCP.CGCE.CD563.AN_Gbx_HSS_CE_X_Vib,-0.34418553827782566
PC.PMO.DLB.TCP.CGCE.CD563.AN_LPC_Brg_Non_Drive_End_X_Vib,-0.34444315442278833
PC.PMO.DLB.TCP.CGCE.CD563.AN_Gbx_LSS_BE_X_Gap,-0.3447083526671543
PC.PMO.DLB.TCP.CGCE.CD563.AP_LPC1_Flow_Std,-0.3459100369924213
PC.PMO.DLB.TCP.CGCE.CD563.AN_LPC_Brg_DE_X_Vib,-0.34839917272993487
PC.PMO.DLB.TCP.CGCE.CD563.AN_LPC_Brg_Non_Drive_End_Y_Vib,-0.35756055967456407
PC.PMO.DLB.TCP.CGCE.CD563.AN_LPC2_Suction_Press,-0.36008546310438194
PC.PMO.DLB.TCP.CGCE.CD563.AN_Eng_Brg_5X_Vib,-0.3618693463950421
PC.PMO.DLB.TCP.CGCE.CD563.AN_Gbx_LSS_CE_Y_Gap,-0.3664209538255258
PC.PMO.DLB.TCP.CGCE.CD563.AN_Eng_Brg_3Y_Vib,-0.36701153222945304
PC.PMO.DLB.TCP.CGCE.CD563.AN_Eng_Brg_1X_Vib,-0.3680850794995809
PC.PMO.DLB.TCP.CGCE.CD563.AP_HPC1_ETA_Nom,-0.37592753297160175
PC.PMO.DLB.TCP.CGCE.CD563.AN_Eng_Brg_1Y_Vib,-0.376988070805657
PC.PMO.DLB.TCP.CGCE.CD563.AN_LPC1_Suction_Press,-0.38208570628416055
PC.PMO.DLB.TCP.CGCE.CD563.AN_LPC_Suc_Press,-0.387494414155786
PC.PMO.DLB.TCP.CGCE.CD563.AN_Encl_Pressure,-0.388998188969349
PC.PMO.DLB.TCP.CGCE.CD563.AN_HPC_Separation_Gas_Supply_DP,-0.39036462237349084
PC.PMO.DLB.TCP.CGCE.CD563.AN_LPC_Separation_Gas_Supply_DP,-0.3929936389495587
PC.PMO.DLB.TCP.CGCE.CD563.AP_LPC1_ETA_Nom,-0.3994349844289184
PC.PMO.DLB.TCP.CGCE.CD563.AN_HPC1_ASC_Control_Line_C_Coef,
PC.PMO.DLB.TCP.CGCE.CD563.AN_HPC2_ASC_Control_Line_A_Coef,
PC.PMO.DLB.TCP.CGCE.CD563.AN_HPC2_ASC_Deadband_Line_A_Coef,
PC.PMO.DLB.TCP.CGCE.CD563.AN_HPC_Seal_Gas_Supply_Valve_Setpoint,
PC.PMO.DLB.TCP.CGCE.CD563.AN_Npt_Max_Speed_Record,
PC.PMO.DLB.TCP.CGCE.CD563.AN_Npt_SP,
PC.PMO.DLB.TCP.CGCE.CD563.AN_OSM_STest_Delta,
PC.PMO.DLB.TCP.CGCE.CD563.AN_Post_Lube_Interrupt_Lockout_Remain,
PC.PMO.DLB.TCP.CGCE.CD563.AN_Process_HPC2_Disch_Header_Press_SP,
PC.PMO.DLB.TCP.CGCE.CD563.AN_Process_HPC2_Suct_Press_SP,
PC.PMO.DLB.TCP.CGCE.CD563.AN_Rem_HPC2_Dis_Header_Prs_SP,
PC.PMO.DLB.TCP.CGCE.CD563.AN_Rem_HPC2_Suc_Prs_SP,
PC.PMO.DLB.TCP.CGCE.CD563.AN_Rem_LPC1_Dis_Prs_SP,
PC.PMO.DLB.TCP.CGCE.CD563.AN_Rem_PCY2415_Command,
PC.PMO.DLB.TCP.CGCE.CD563.AN_Rem_PCY2460_Command,
PC.PMO.DLB.TCP.CGCE.CD563.RSP_HPC1_ASC_Vlv,
PC.PMO.DLB.TCP.CGCE.CD563.RSP_HPC2_ASC_Vlv,
PC.PMO.DLB.TCP.CGCE.CD563.RSP_HPC2_Dis_Header_Prs,
PC.PMO.DLB.TCP.CGCE.CD563.RSP_HPC2_Suc_Prs,
PC.PMO.DLB.TCP.CGCE.CD563.RSP_LPC1_ASC_Vlv,
PC.PMO.DLB.TCP.CGCE.CD563.RSP_LPC1_Dis_Prs,
PC.PMO.DLB.TCP.CGCE.CD563.RSP_LPC1_Suc_Header_Prs,
PC.PMO.DLB.TCP.CGCE.CD563.RSP_LPC2_ASC_Vlv,
PC.PMO.DLB.TCP.CGCE.CD563.RSP_PCY_2415_SP,
PC.PMO.DLB.TCP.CGCE.CD563.RSP_PCY_2460_SP,
PC.PMO.DLB.TCP.CGCE.CD563.RSP_Speed,
PC.PMO.DLB.TCP.GCM1.CD543.AN_Fan_Interrupt_Time_Rem,
PC.PMO.DLB.TCP.GCM1.CD543.AN_HPC_ASC_Control_Line_B_Coef,
PC.PMO.DLB.TCP.GCM1.CD543.AN_HPC_ASC_Control_Line_C_Coef,
PC.PMO.DLB.TCP.GCM1.CD543.AN_HPC_ASC_Deadband_Line_A_Coef,
PC.PMO.DLB.TCP.GCM1.CD543.AN_HPC_MRV_Command,
PC.PMO.DLB.TCP.GCM1.CD543.AN_HP_MRV_Manual_SP,
PC.PMO.DLB.TCP.GCM1.CD543.AN_IPC_ASC_Control_Line_C_Coef,
PC.PMO.DLB.TCP.GCM1.CD543.AN_IPC_ASC_Deadband_Line_C_Coef,
PC.PMO.DLB.TCP.GCM1.CD543.AN_LP_MRV_Discharge_Press_SP,
PC.PMO.DLB.TCP.GCM1.CD543.AN_LSC_Unit_1_Grp_No,
PC.PMO.DLB.TCP.GCM1.CD543.AN_LSC_Unit_1_LDE_Grp_No,
PC.PMO.DLB.TCP.GCM1.CD543.AN_Load_Share_Control_LDE_Cmd,
PC.PMO.DLB.TCP.GCM1.CD543.AN_Npt_Max_Speed_Record,
PC.PMO.DLB.TCP.GCM1.CD543.AN_Npt_SP,
PC.PMO.DLB.TCP.GCM1.CD543.AN_Post_Lube_Interrupt_Lockout_Remain,
PC.PMO.DLB.TCP.GCM1.CD543.AN_Process_Discharge_Press_SP,
PC.PMO.DLB.TCP.GCM1.CD543.RSP_Dis_Prs,
PC.PMO.DLB.TCP.GCM1.CD543.RSP_HPC_ASC_Vlv,
PC.PMO.DLB.TCP.GCM1.CD543.RSP_HPC_MRC_Vlv,
PC.PMO.DLB.TCP.GCM1.CD543.RSP_HP_Dis_MRC_Vlv,
PC.PMO.DLB.TCP.GCM1.CD543.RSP_HP_Suc_MRC_Vlv,
PC.PMO.DLB.TCP.GCM1.CD543.RSP_IPC_ASC_Vlv,
PC.PMO.DLB.TCP.GCM1.CD543.RSP_LPC_ASC_Vlv,
PC.PMO.DLB.TCP.GCM1.CD543.RSP_LPC_MRC_Vlv,
PC.PMO.DLB.TCP.GCM1.CD543.RSP_LP_Dis_MRC_Vlv,
PC.PMO.DLB.TCP.GCM1.CD543.RSP_LP_Suc_MRC_Vlv,
PC.PMO.DLB.TCP.GCM1.CD543.RSP_Speed,
PC.PMO.DLB.TCP.GCM1.CD543.RSP_Suct_Prs,
PC.PMO.DLB.TCP.GCM2.CD553.AN_Fan_Interrupt_Time_Rem,
PC.PMO.DLB.TCP.GCM2.CD553.AN_HPC_ASC_Control_Line_C_Coef,
PC.PMO.DLB.TCP.GCM2.CD553.AN_HPC_ASC_Control_Line_D_Coef,
PC.PMO.DLB.TCP.GCM2.CD553.AN_HPC_ASC_Deadband_Line_A_Coef,
PC.PMO.DLB.TCP.GCM2.CD553.AN_IPC_ASC_Control_Line_C_Coef,
PC.PMO.DLB.TCP.GCM2.CD553.AN_LP_MRV_Discharge_Press_SP,
PC.PMO.DLB.TCP.GCM2.CD553.AN_LSC_Unit_1_Grp_No,
PC.PMO.DLB.TCP.GCM2.CD553.AN_LSC_Unit_1_LDE_Grp_No,
PC.PMO.DLB.TCP.GCM2.CD553.AN_Load_Share_Control_LDE_Cmd,
PC.PMO.DLB.TCP.GCM2.CD553.AN_Npt_SP,
PC.PMO.DLB.TCP.GCM2.CD553.AN_Post_Lube_Interrupt_Lockout_Remain,
PC.PMO.DLB.TCP.GCM2.CD553.AN_Process_Discharge_Press_SP,
PC.PMO.DLB.TCP.GCM2.CD553.RSP_Dis_Prs,
PC.PMO.DLB.TCP.GCM2.CD553.RSP_HPC_ASC_Vlv,
PC.PMO.DLB.TCP.GCM2.CD553.RSP_HPC_MRC_Vlv,
PC.PMO.DLB.TCP.GCM2.CD553.RSP_HP_Dis_MRC_Vlv,
PC.PMO.DLB.TCP.GCM2.CD553.RSP_HP_Suc_MRC_Vlv,
PC.PMO.DLB.TCP.GCM2.CD553.RSP_IPC_ASC_Vlv,
PC.PMO.DLB.TCP.GCM2.CD553.RSP_LPC_ASC_Vlv,
PC.PMO.DLB.TCP.GCM2.CD553.RSP_LPC_MRC_Vlv,
PC.PMO.DLB.TCP.GCM2.CD553.RSP_LP_Dis_MRC_Vlv,
PC.PMO.DLB.TCP.GCM2.CD553.RSP_LP_Suc_MRC_Vlv,
PC.PMO.DLB.TCP.GCM2.CD553.RSP_Speed,
PC.PMO.DLB.TCP.GCM2.CD553.RSP_Suct_Prs,
